sim_id,rainfall_intensity,rainfall_duration,antecedent_7day_precip,initial_moisture_5ft,initial_moisture_10ft,initial_suction,ksat,air_entry_value,cohesion,friction_angle,unit_weight,slope_angle,slope_height,water_table_depth,total_rainfall,combined_rainfall,unit_weight_sat,stability_indicator,rainfall_category,strength_category,antecedent_category
1,132.4,2,186.6,0.432,0.479,14.5,1.1613294548064161e-06,9.5,26.5,31.8,18.1,23.8,6.1,0.52,264.8,451.4,20.1,4.7253205043845625,Extreme,High,Wet
2,23.1,10,221.7,0.402,0.534,10.8,6.870172616158522e-07,7.5,10.0,18.3,18.0,39.2,8.1,2.2,231.0,452.7,20.0,1.0866792077566856,Light,Medium,Wet
3,90.1,10,247.6,0.308,0.476,14.1,6.952192306647941e-06,7.6,3.6,32.6,20.2,39.5,18.5,1.25,901.0,1148.6,22.2,0.9920034059322179,Heavy,Medium,Wet
4,195.9,15,176.6,0.405,0.514,11.8,7.132963767398297e-07,2.9,1.1,26.7,20.8,39.0,13.0,3.31,2938.5,3115.1,22.8,0.6863956263636711,Extreme,Medium,Wet
5,191.8,9,116.9,0.339,0.498,10.4,2.7908664543360977e-07,3.1,13.2,19.9,20.1,33.0,12.3,0.64,1726.2,1843.1000000000001,22.1,1.5686779382648204,Extreme,Medium,Moderate
6,117.8,12,161.1,0.38,0.532,7.0,2.6231650961142245e-07,7.5,5.7,30.8,19.5,30.6,8.9,3.71,1413.6,1574.6999999999998,21.5,1.5022485784727606,Extreme,Medium,Wet
7,80.7,9,43.6,0.447,0.477,11.1,2.7251521304273014e-06,1.4,28.5,23.3,17.5,36.1,11.2,0.56,726.3000000000001,769.9000000000001,19.5,2.82392217478801,Heavy,High,Dry
8,182.5,5,235.0,0.345,0.528,9.1,3.9526193862925167e-07,6.2,0.8,32.1,21.0,30.8,17.3,4.4,912.5,1147.5,23.0,1.1162089125350227,Extreme,Medium,Wet
9,131.5,6,207.4,0.319,0.495,9.0,1.1756326200188522e-06,2.4,28.1,28.8,20.2,35.1,18.0,2.82,789.0,996.4,22.2,2.7615413408320735,Extreme,High,Wet
10,17.1,14,132.4,0.32,0.401,12.9,4.6738606023739835e-07,5.1,5.4,22.9,18.8,36.7,8.9,3.0,239.40000000000003,371.80000000000007,20.8,0.9520692938059233,Light,Medium,Wet
11,167.1,15,44.5,0.342,0.415,15.0,7.632621458904426e-07,1.3,27.5,30.9,20.8,34.2,10.6,0.91,2506.5,2551.0,22.8,2.8260815501536434,Extreme,High,Dry
12,46.8,7,95.4,0.311,0.512,5.9,2.5560481826951635e-07,9.4,5.0,25.3,20.9,20.7,11.3,0.08,327.59999999999997,423.0,22.9,1.8840741210833813,Moderate,Medium,Moderate
13,71.4,12,194.9,0.457,0.545,7.1,1.2115506326829684e-06,6.4,28.7,24.8,20.0,27.8,17.4,1.53,856.8000000000001,1051.7,22.0,3.5981036921876006,Heavy,High,Wet
14,33.4,10,112.6,0.472,0.449,13.8,4.295491278174188e-06,9.0,11.6,25.8,20.9,31.0,6.5,2.14,334.0,446.6,22.9,1.7282590647849536,Moderate,Medium,Moderate
15,92.6,16,229.4,0.408,0.516,11.1,5.470122286600161e-06,3.2,25.7,28.0,17.3,24.2,13.7,0.37,1481.6,1711.0,19.3,4.4886038704821996,Heavy,High,Wet
16,151.9,2,123.4,0.484,0.418,14.0,3.2469512563759397e-06,1.6,0.7,30.5,20.4,36.3,19.1,1.29,303.8,427.20000000000005,22.4,0.8486000955446746,Extreme,Medium,Wet
17,52.1,16,240.5,0.318,0.532,12.2,2.3304438401350853e-07,2.7,15.4,23.9,19.3,39.1,8.1,1.4,833.6,1074.1,21.3,1.527131942529889,Moderate,Medium,Wet
18,127.0,9,118.1,0.415,0.49,8.3,1.8602698043635583e-06,5.5,4.2,27.7,19.9,29.1,10.8,4.49,1143.0,1261.1,21.9,1.3224514127675902,Extreme,Medium,Moderate
19,61.5,16,245.4,0.366,0.416,6.7,1.689404958673435e-07,6.0,9.5,33.5,20.5,31.6,18.9,3.54,984.0,1229.4,22.5,1.8291493615554846,Heavy,High,Wet
20,139.9,6,217.9,0.336,0.422,5.3,1.0959392278544427e-07,8.1,20.4,15.1,17.6,27.9,19.3,1.7,839.4000000000001,1057.3000000000002,19.6,2.69874442057939,Extreme,Medium,Wet
21,149.1,3,85.9,0.308,0.403,14.9,6.022862985924632e-06,4.3,17.5,31.6,19.6,27.0,9.8,1.33,447.29999999999995,533.1999999999999,21.6,2.9597368474048373,Extreme,High,Moderate
22,53.4,1,46.0,0.399,0.457,8.7,3.88046717951483e-06,2.9,4.7,21.4,17.7,35.7,12.6,4.66,53.4,99.4,19.7,0.9149140496061997,Moderate,Medium,Dry
23,24.7,17,118.8,0.495,0.466,6.9,5.376930589139351e-06,8.0,19.9,33.1,19.7,32.7,7.6,1.61,419.9,538.6999999999999,21.7,2.588899722771878,Light,High,Moderate
24,103.4,15,46.6,0.482,0.422,5.7,8.118360443961703e-06,7.7,26.7,33.2,17.3,30.3,8.2,3.87,1551.0,1597.6,19.3,3.7609714434835957,Extreme,High,Dry
25,26.3,8,114.5,0.398,0.456,6.1,7.812615722731055e-07,3.6,9.1,22.1,17.6,34.1,10.5,4.68,210.4,324.9,19.6,1.3634179459696625,Light,Medium,Moderate
26,136.7,17,222.2,0.469,0.465,8.2,2.0556269672029435e-07,4.7,23.1,20.1,20.2,34.8,13.4,3.4,2323.8999999999996,2546.0999999999995,22.2,2.1719036924124104,Extreme,High,Wet
27,91.8,7,230.1,0.487,0.529,10.4,2.7349530252039826e-07,2.5,21.2,17.7,17.0,34.5,20.0,4.1,642.6,872.7,19.0,2.2788344610845677,Heavy,Medium,Wet
28,74.8,14,41.7,0.324,0.404,10.2,5.134457484988877e-07,8.0,5.1,29.2,17.5,37.5,19.0,4.89,1047.2,1088.9,19.5,1.1081451510887146,Heavy,Medium,Dry
29,175.5,6,88.0,0.331,0.512,13.3,4.1895348527915354e-06,3.1,21.5,24.8,18.2,35.6,14.7,0.59,1053.0,1141.0,20.2,2.295453855332448,Extreme,High,Moderate
30,107.6,17,17.9,0.397,0.435,11.9,5.592915232245554e-06,3.3,9.5,31.3,17.4,32.6,12.9,0.44,1829.1999999999998,1847.1,19.4,1.8044384647679343,Extreme,High,Dry
31,58.4,7,62.0,0.39,0.452,8.5,1.188627540706962e-07,6.8,18.2,24.0,19.9,38.2,8.5,0.73,408.8,470.8,21.9,1.7279995374409316,Moderate,High,Moderate
32,138.4,3,142.9,0.426,0.447,8.4,9.921914393206535e-06,5.7,25.7,30.2,17.1,25.1,9.4,3.32,415.20000000000005,558.1,19.1,4.450865762885868,Extreme,High,Wet
33,95.5,16,150.5,0.455,0.421,14.9,9.899952616719783e-06,6.0,10.1,32.8,20.5,23.9,7.9,4.44,1528.0,1678.5,22.5,2.566099892920051,Heavy,High,Wet
34,123.6,11,183.2,0.464,0.481,7.4,4.868624094396287e-06,1.5,14.6,28.4,20.6,23.0,9.1,2.51,1359.6,1542.8,22.6,2.943486396209195,Extreme,High,Wet
35,55.4,21,71.2,0.469,0.487,14.7,1.0414700253845632e-07,5.6,26.9,28.6,20.3,32.0,17.8,2.94,1163.3999999999999,1234.6,22.3,2.9931710466435955,Moderate,High,Moderate
36,65.2,5,101.7,0.494,0.455,6.5,3.390582586502388e-06,7.9,17.4,30.6,20.8,38.5,11.7,4.02,326.0,427.7,22.8,1.7951626058321861,Heavy,High,Moderate
37,185.7,2,88.8,0.347,0.472,8.9,6.077315225098479e-06,8.0,22.9,29.1,20.7,21.3,6.4,3.16,371.4,460.2,22.7,4.265048831562582,Extreme,High,Moderate
38,142.2,19,239.6,0.426,0.497,10.2,1.8514897400859178e-06,9.5,21.2,22.7,20.7,31.1,13.0,4.29,2701.7999999999997,2941.3999999999996,22.7,2.3911993203137154,Extreme,High,Wet
39,63.1,19,212.5,0.417,0.535,7.8,2.9331641786912344e-06,7.0,0.3,20.3,20.8,28.2,9.7,1.73,1198.9,1411.4,22.8,0.7167804575852852,Heavy,Low,Wet
40,153.1,5,194.1,0.349,0.492,5.2,1.7835130580648337e-06,1.4,29.2,30.0,17.5,38.5,17.4,1.91,765.5,959.6,19.5,2.823510543966226,Extreme,High,Wet
41,126.6,13,215.6,0.37,0.53,9.1,1.475531168965252e-06,3.7,18.6,34.4,18.0,22.1,14.1,0.23,1645.8,1861.3999999999999,20.0,4.231041079736351,Extreme,High,Wet
42,29.4,20,125.5,0.378,0.493,7.8,8.749933092903632e-06,1.4,10.1,33.6,19.9,31.9,9.5,3.61,588.0,713.5,21.9,1.882794080591016,Light,High,Wet
43,119.4,7,54.0,0.434,0.549,6.8,5.151939355019202e-06,9.5,3.1,26.5,18.8,35.5,16.5,1.93,835.8000000000001,889.8000000000001,20.8,0.9301579602207902,Extreme,Medium,Moderate
44,163.2,7,177.5,0.36,0.483,9.6,9.57349127873133e-06,9.2,1.5,28.0,18.2,25.9,19.3,4.99,1142.3999999999999,1319.8999999999999,20.2,1.2647446679322836,Extreme,Medium,Wet
45,32.5,13,187.4,0.421,0.523,7.0,3.221497801665544e-07,4.1,29.3,16.9,20.1,27.6,12.2,3.93,422.5,609.9,22.1,3.3695050542410736,Moderate,High,Wet
46,76.1,20,31.0,0.401,0.478,8.3,2.276663146642491e-06,6.7,11.7,27.4,18.4,21.9,11.5,1.79,1522.0,1553.0,20.4,2.871213262587986,Heavy,Medium,Dry
47,108.6,4,173.0,0.437,0.49,6.5,1.829761889307626e-07,3.1,3.4,16.2,20.7,23.8,10.9,2.49,434.4,607.4,22.7,1.0311199029355522,Extreme,Low,Wet
48,73.2,14,7.4,0.442,0.418,10.0,2.2627276936814663e-07,5.9,4.8,20.2,20.3,33.2,11.2,2.25,1024.8,1032.2,22.3,0.9235918361689891,Heavy,Low,Dry
49,146.0,13,182.2,0.428,0.426,13.0,6.360079325014887e-07,6.6,23.8,31.9,18.9,33.5,16.1,4.6,1898.0,2080.2,20.9,2.842945290460358,Extreme,High,Wet
50,62.3,14,3.1,0.327,0.44,6.3,9.355340773281478e-06,7.8,27.7,29.5,18.3,34.8,6.9,3.56,872.1999999999999,875.3,20.3,2.9919133959921105,Heavy,High,Dry
51,112.5,19,246.4,0.342,0.446,5.6,1.0299878514532995e-07,4.7,26.4,16.7,18.7,25.1,8.4,4.87,2137.5,2383.9,20.7,3.6542570448711182,Extreme,High,Wet
52,82.7,14,15.2,0.423,0.445,6.9,4.384792757660611e-07,6.1,21.4,20.4,20.6,28.7,15.5,1.6,1157.8,1173.0,22.6,2.5767540180044284,Heavy,High,Dry
53,143.6,4,58.8,0.399,0.541,14.0,1.3544341215637118e-06,8.9,11.4,31.1,18.9,31.1,19.6,3.27,574.4,633.1999999999999,20.9,1.9998939663748618,Extreme,High,Moderate
54,121.0,3,86.2,0.345,0.548,6.1,2.759800413940985e-06,4.2,15.5,32.5,17.2,32.0,7.2,0.94,363.0,449.2,19.2,2.4616874660359005,Extreme,High,Moderate
55,14.4,14,104.5,0.42,0.498,8.2,7.375823299824484e-06,1.2,22.1,34.9,18.9,26.3,7.5,3.56,201.6,306.1,20.9,3.7774292790791115,Light,High,Moderate
56,100.7,16,146.7,0.391,0.416,9.2,1.5188802102779736e-07,6.1,14.1,26.4,20.0,24.4,5.6,3.4,1611.2,1757.9,22.0,2.648481103199489,Extreme,High,Wet
57,169.2,8,222.6,0.431,0.455,7.1,2.461130129923511e-07,1.6,16.5,21.0,17.8,31.3,5.7,3.38,1353.6,1576.1999999999998,19.8,2.1559371392601716,Extreme,Medium,Wet
58,62.5,20,190.6,0.34,0.501,14.9,2.1061819892497323e-07,7.6,25.1,27.8,18.3,37.6,15.7,0.34,1250.0,1440.6,20.3,2.465674371410292,Heavy,High,Wet
59,83.3,17,62.4,0.498,0.454,9.8,5.881834926480342e-06,6.6,25.6,32.1,17.1,30.7,19.9,2.16,1416.1,1478.5,19.1,3.5778550020674733,Heavy,High,Moderate
60,120.4,10,50.6,0.332,0.43,5.4,1.0824686665641064e-06,4.7,24.0,29.7,18.5,31.4,6.5,2.32,1204.0,1254.6,20.5,3.059762860832279,Extreme,High,Moderate
61,49.9,21,248.7,0.463,0.524,5.5,1.5361017044263985e-06,7.6,23.4,31.7,20.8,28.5,7.6,4.51,1047.8999999999999,1296.6,22.8,3.2094931299577913,Moderate,High,Wet
62,27.8,15,80.1,0.428,0.445,12.3,5.9297056335279825e-06,6.9,13.2,21.3,19.0,24.1,16.6,1.99,417.0,497.1,21.0,2.4246996084800814,Light,Medium,Moderate
63,106.5,7,119.6,0.362,0.524,8.0,5.024845927086158e-06,4.7,23.1,17.3,18.6,33.1,8.8,3.57,745.5,865.1,20.6,2.382912015202023,Extreme,High,Moderate
64,196.6,4,248.4,0.491,0.447,9.4,1.2004622674414151e-06,5.3,21.8,31.4,17.1,30.6,7.1,2.09,786.4,1034.8,19.1,3.1877944936457285,Extreme,High,Wet
65,71.8,16,124.9,0.301,0.474,13.2,2.5108415539664604e-06,6.4,29.7,21.5,17.8,35.0,5.3,1.03,1148.8,1273.7,19.8,2.9454835729573974,Heavy,High,Wet
66,34.0,20,237.5,0.331,0.51,10.8,8.703876325225123e-06,6.0,11.0,17.3,17.5,38.1,7.9,1.94,680.0,917.5,19.5,1.1988733005661443,Moderate,Medium,Wet
67,169.2,4,99.9,0.464,0.418,9.4,5.845421983706844e-07,7.0,16.2,27.2,18.2,20.6,6.8,2.52,676.8,776.6999999999999,20.2,3.7353881012100216,Extreme,High,Moderate
68,63.2,14,160.4,0.385,0.436,6.4,1.9507452711293432e-07,4.5,10.8,26.8,19.3,37.8,17.5,2.66,884.8000000000001,1045.2,21.3,1.372631125549262,Heavy,Medium,Wet
69,112.1,21,21.0,0.465,0.44,7.3,2.0231941860953071e-07,2.6,29.8,28.2,17.0,36.8,18.5,3.99,2354.1,2375.1,19.0,3.0599518783553576,Extreme,High,Dry
70,184.1,14,159.2,0.306,0.501,6.0,5.695399421008657e-07,1.9,8.9,24.5,19.6,27.9,8.3,2.42,2577.4,2736.6,21.6,1.7183280848061124,Extreme,Medium,Wet
71,141.5,20,238.1,0.403,0.477,8.0,1.6543768783292819e-07,4.9,24.2,31.7,18.6,37.2,9.3,2.24,2830.0,3068.1,20.6,2.527777900471767,Extreme,High,Wet
72,163.5,18,64.7,0.318,0.464,14.8,4.917583552649295e-07,2.8,15.2,24.7,17.4,23.9,14.2,0.35,2943.0,3007.7,19.4,3.009240481888145,Extreme,Medium,Moderate
73,120.7,16,146.2,0.413,0.459,8.4,2.3476272689217976e-06,9.1,17.9,29.7,19.2,36.0,17.9,0.65,1931.2,2077.4,21.2,2.068263781427085,Extreme,High,Wet
74,59.4,15,145.2,0.449,0.496,6.4,3.573106468522601e-07,8.9,9.6,28.1,17.3,25.7,9.4,3.49,891.0,1036.2,19.3,2.262491379663604,Moderate,Medium,Wet
75,107.9,7,42.8,0.489,0.509,11.4,2.663041467173159e-07,3.5,13.0,30.5,17.1,36.9,15.3,1.66,755.3000000000001,798.1,19.1,1.7970708155162003,Extreme,High,Dry
76,160.2,18,117.4,0.416,0.415,5.9,1.723291287569715e-07,6.1,24.4,32.3,19.5,21.6,9.8,3.59,2883.6,3001.0,21.5,4.757066353427626,Extreme,High,Moderate
77,81.7,5,79.3,0.452,0.465,13.9,2.2724773828916588e-07,4.5,26.9,20.2,17.3,28.9,11.3,4.7,408.5,487.8,19.3,3.48322164925812,Heavy,High,Moderate
78,140.9,8,198.9,0.482,0.537,11.6,9.464271324441075e-06,8.8,24.4,20.6,21.0,37.5,9.3,4.2,1127.2,1326.1000000000001,23.0,2.0040739800316514,Extreme,High,Wet
79,136.4,11,188.2,0.362,0.434,10.6,6.55477396893905e-06,4.6,20.5,17.1,17.4,24.6,7.8,2.91,1500.4,1688.6000000000001,19.4,3.2452710436784904,Extreme,Medium,Wet
80,143.3,10,224.5,0.356,0.484,5.6,8.270301186288624e-07,2.0,24.7,16.3,20.0,34.5,15.5,2.16,1433.0,1657.5,22.0,2.2224105658381403,Extreme,High,Wet
81,91.1,6,72.6,0.454,0.482,11.0,1.264727422898438e-07,3.7,28.0,30.8,17.3,20.7,14.0,4.84,546.5999999999999,619.1999999999999,19.3,5.860813169671461,Heavy,High,Moderate
82,190.5,21,27.8,0.372,0.404,9.6,2.1606610808253443e-07,2.6,26.8,26.0,17.6,39.8,11.0,3.51,4000.5,4028.3,19.6,2.4130288722705697,Extreme,High,Dry
83,57.3,12,123.9,0.388,0.489,10.8,8.353426197022942e-07,7.8,27.8,29.9,20.5,33.9,6.8,2.45,687.5999999999999,811.4999999999999,22.5,2.8738142960741353,Moderate,High,Wet
84,24.1,5,78.4,0.43,0.494,14.8,2.8623530549753873e-06,5.3,20.6,22.3,17.0,29.8,11.8,0.78,120.5,198.9,19.0,2.8319876074270893,Light,High,Moderate
85,18.9,6,141.4,0.404,0.414,12.8,4.2039357562370055e-07,5.3,3.0,28.7,17.2,38.6,11.8,4.07,113.39999999999999,254.8,19.2,0.9043117838382249,Light,Medium,Wet
86,125.3,19,4.1,0.422,0.518,13.0,5.285874020991808e-07,8.4,14.0,28.8,19.5,31.2,11.4,2.18,2380.7,2384.7999999999997,21.5,2.0932270628441474,Extreme,High,Dry
87,37.3,14,51.2,0.382,0.477,6.8,1.4353848521002606e-07,8.2,13.0,29.5,19.6,35.2,10.2,3.44,522.1999999999999,573.4,21.6,1.7422725483660233,Moderate,High,Moderate
88,161.4,18,1.0,0.402,0.428,11.8,7.643850044971315e-06,7.2,1.7,30.2,18.0,35.1,18.1,1.55,2905.2000000000003,2906.2000000000003,20.0,0.962502864009089,Extreme,Medium,Dry
89,19.4,8,223.9,0.312,0.452,5.7,3.305943650603336e-07,5.4,18.4,33.8,18.0,31.1,15.6,0.48,155.2,379.1,20.0,2.8043032508146446,Light,High,Wet
90,53.1,1,15.6,0.459,0.512,6.1,2.267455091132981e-06,7.0,29.2,22.6,19.2,22.4,10.7,4.68,53.1,68.7,21.2,4.699740275464199,Moderate,High,Dry
91,14.2,14,69.3,0.334,0.495,14.6,9.27510073772977e-07,3.6,19.4,19.5,18.6,36.4,10.1,1.38,198.79999999999998,268.09999999999997,20.6,1.8950201170858856,Light,Medium,Moderate
92,128.5,12,95.9,0.365,0.485,6.7,3.2104455519769095e-07,9.7,17.6,33.5,18.5,31.4,17.0,3.72,1542.0,1637.9,20.5,2.6429063279195923,Extreme,High,Moderate
93,73.7,11,154.8,0.37,0.478,14.3,1.494916986638437e-06,6.6,25.3,28.4,20.0,30.3,10.1,4.57,810.7,965.5,22.0,3.0900817529991254,Heavy,High,Wet
94,116.5,6,138.6,0.353,0.55,8.9,7.443714301372162e-06,1.8,5.4,33.1,18.1,36.6,15.1,2.69,699.0,837.6,20.1,1.2794916244696843,Extreme,Medium,Wet
95,137.5,5,243.6,0.305,0.5,7.5,1.7217817791644706e-07,3.3,13.4,26.8,17.2,29.5,9.3,3.34,687.5,931.1,19.2,2.269826624824298,Extreme,High,Wet
96,77.0,1,156.2,0.317,0.509,9.1,3.398204908227694e-07,3.3,16.1,16.8,17.5,22.2,15.4,1.68,77.0,233.2,19.5,2.9942181677707453,Heavy,Medium,Wet
97,15.3,2,135.8,0.409,0.424,11.8,8.646114802480897e-07,9.2,20.2,16.7,19.3,30.4,13.4,0.89,30.6,166.4,21.3,2.295303392903033,Light,Medium,Wet
98,140.1,8,153.2,0.357,0.458,13.4,4.112946792071252e-06,5.3,20.0,23.3,20.5,26.5,7.3,3.78,1120.8,1274.0,22.5,2.8205569018541476,Extreme,High,Wet
99,104.5,4,227.5,0.361,0.45,7.7,4.628742935893542e-06,4.0,13.1,29.5,20.5,21.2,13.6,4.07,418.0,645.5,22.5,3.1061525369001104,Extreme,High,Wet
100,35.6,12,32.0,0.388,0.499,7.8,2.1455072304948708e-06,5.8,11.9,19.1,19.3,31.6,7.5,3.13,427.20000000000005,459.20000000000005,21.3,1.5651088002432259,Moderate,Medium,Dry
101,110.2,7,166.5,0.314,0.482,10.5,1.4459141479527738e-07,2.3,4.6,16.8,17.3,31.3,19.5,2.17,771.4,937.9,19.3,0.9338895624610879,Extreme,Low,Wet
102,106.9,14,18.2,0.433,0.546,9.9,1.4098751202548846e-07,2.1,20.1,26.8,20.7,36.1,7.1,2.86,1496.6000000000001,1514.8000000000002,22.7,2.02430807934134,Extreme,High,Dry
103,11.6,21,233.5,0.384,0.44,12.2,3.3050400062898942e-06,8.3,17.1,15.9,17.3,23.0,16.3,1.19,243.6,477.1,19.3,2.999699277996392,Light,Medium,Wet
104,119.8,12,189.9,0.467,0.456,11.2,1.0127355185449744e-06,1.8,22.9,17.6,18.8,32.4,13.7,1.52,1437.6,1627.5,20.8,2.419251664597409,Extreme,High,Wet
105,18.3,4,5.5,0.381,0.486,10.7,1.0262868515881458e-07,7.8,14.1,29.9,17.6,24.4,9.1,4.92,73.2,78.7,19.6,3.0337319979438693,Light,High,Dry
106,194.7,20,203.9,0.456,0.514,7.4,9.000224241032617e-06,9.9,15.6,16.0,18.9,26.9,5.6,1.57,3894.0,4097.9,20.9,2.192152052142399,Extreme,Medium,Wet
107,152.6,4,242.0,0.394,0.542,5.3,9.457115143031527e-07,6.3,17.7,17.4,20.6,30.7,7.7,0.76,610.4,852.4,22.6,1.97489072903295,Extreme,Medium,Wet
108,109.0,18,137.7,0.428,0.53,12.1,2.3160690771536095e-06,7.2,29.0,35.0,17.0,24.6,13.6,1.63,1962.0,2099.7,19.0,5.255356123371206,Extreme,High,Wet
109,129.1,8,90.6,0.373,0.41,13.7,4.240160614048743e-07,6.7,7.4,29.0,17.7,24.7,6.0,4.61,1032.8,1123.3999999999999,19.7,2.114123459635184,Extreme,Medium,Moderate
110,50.1,13,179.4,0.364,0.475,12.8,2.4310788286386473e-06,6.3,27.2,23.3,20.4,26.8,11.1,2.57,651.3000000000001,830.7,22.4,3.4921291640167027,Moderate,High,Wet
111,147.2,10,231.8,0.444,0.508,13.3,4.083535087008486e-06,1.7,26.6,28.7,19.8,35.4,14.5,0.9,1472.0,1703.8,21.8,2.6607806043483495,Extreme,High,Wet
112,111.4,16,246.5,0.495,0.447,12.7,1.8880117006926475e-07,5.2,21.3,20.4,20.4,37.9,12.0,4.51,1782.4,2028.9,22.4,1.8189504784242807,Extreme,High,Wet
113,82.4,18,25.8,0.438,0.424,13.2,8.944691605552714e-06,7.9,3.2,23.4,19.1,30.0,16.7,4.11,1483.2,1509.0,21.1,1.0397118375049663,Heavy,Medium,Dry
114,22.4,4,158.7,0.447,0.525,12.2,1.8484801935751752e-07,1.8,15.9,15.6,18.3,35.2,5.7,4.34,89.6,248.29999999999998,20.3,1.6274752178506724,Light,Medium,Wet
115,22.1,3,117.6,0.386,0.483,7.9,5.771506186834742e-07,1.3,11.5,19.3,18.4,31.8,15.7,0.82,66.30000000000001,183.9,20.4,1.572828553088694,Light,Medium,Moderate
116,118.6,7,210.1,0.48,0.485,11.4,2.511786817948098e-07,8.7,0.5,29.0,20.4,26.7,16.1,1.05,830.1999999999999,1040.3,22.4,1.1508531934082504,Extreme,Medium,Wet
117,71.0,20,132.8,0.402,0.515,9.1,2.2391455860314613e-07,2.0,27.6,29.8,17.9,34.4,18.2,4.55,1420.0,1552.8,19.9,3.088302480480915,Heavy,High,Wet
118,48.7,4,136.1,0.361,0.496,5.7,5.336524393030341e-07,7.9,2.3,30.4,18.1,29.0,18.0,1.2,194.8,330.9,20.1,1.2876721688598864,Moderate,Medium,Wet
119,69.6,17,170.0,0.313,0.506,12.1,1.668795879660993e-06,2.0,16.0,31.2,17.6,20.4,6.4,2.37,1183.1999999999998,1353.1999999999998,19.6,4.07293899929256,Heavy,High,Wet
120,90.6,5,74.5,0.331,0.527,13.8,8.03452363165739e-06,1.9,24.3,18.1,18.7,29.3,10.6,1.79,453.0,527.5,20.7,2.898060354215513,Heavy,High,Moderate
121,189.5,18,18.6,0.341,0.449,12.6,4.988712775986591e-07,7.2,4.0,27.6,18.2,34.9,10.3,2.67,3411.0,3429.6,20.2,1.0644456717873338,Extreme,Medium,Dry
122,197.5,11,63.4,0.329,0.492,7.2,1.739116037490926e-07,2.8,13.9,22.2,17.8,27.8,6.6,3.09,2172.5,2235.9,19.8,2.255122698469719,Extreme,Medium,Moderate
123,156.0,14,89.1,0.479,0.423,8.6,1.42821871142654e-07,3.0,10.6,17.9,20.8,27.2,7.6,1.51,2184.0,2273.1,22.8,1.6200771966969725,Extreme,Medium,Moderate
124,27.2,10,244.3,0.301,0.491,11.3,6.079619910862461e-07,6.0,4.4,22.6,17.8,28.2,17.9,0.6,272.0,516.3,19.8,1.2373305790596665,Light,Medium,Wet
125,169.6,13,205.2,0.414,0.462,13.9,3.341113825307634e-07,2.3,10.5,16.9,19.3,34.4,19.7,1.9,2204.7999999999997,2409.9999999999995,21.3,1.2382751356559654,Extreme,Medium,Wet
126,134.4,13,33.6,0.499,0.527,13.7,8.618583444685076e-06,1.9,4.3,32.9,19.8,21.8,7.6,2.3,1747.2,1780.8,21.8,2.160405947469338,Extreme,Medium,Dry
127,194.3,12,81.5,0.326,0.426,14.2,1.3112304894495622e-07,5.6,10.3,28.1,17.9,27.3,7.0,2.73,2331.6000000000004,2413.1000000000004,19.9,2.149363580654757,Extreme,Medium,Moderate
128,174.8,16,228.4,0.475,0.461,11.0,3.828376053320669e-07,7.3,2.0,19.8,18.7,22.9,16.8,1.08,2796.8,3025.2000000000003,20.7,1.1054823436753878,Extreme,Low,Wet
129,155.8,10,75.0,0.497,0.47,7.0,1.5338498834020663e-07,3.8,21.6,21.2,17.1,29.7,7.0,1.33,1558.0,1633.0,19.1,2.8945678148785414,Extreme,High,Moderate
130,154.8,19,200.8,0.462,0.512,8.3,2.8908687519746805e-07,7.8,14.3,21.9,20.2,24.0,8.6,0.02,2941.2000000000003,3142.0000000000005,22.2,2.4929171259864735,Extreme,Medium,Wet
131,37.4,8,156.7,0.343,0.504,13.5,1.4519018220037793e-06,2.7,0.0,18.4,19.1,29.6,17.6,2.84,299.2,455.9,21.1,0.5855799743614729,Moderate,Low,Wet
132,81.4,8,55.5,0.307,0.494,13.7,1.9763843380712994e-06,6.8,1.2,19.4,18.0,26.4,18.2,4.74,651.2,706.7,20.0,0.8437119656008465,Heavy,Low,Moderate
133,28.1,6,45.4,0.308,0.46,5.6,4.882037142856015e-06,5.6,7.2,26.0,18.1,20.8,8.6,1.35,168.60000000000002,214.00000000000003,20.1,2.331154812775616,Light,Medium,Dry
134,115.6,9,211.7,0.491,0.425,10.3,1.3362441997813002e-06,5.7,6.3,34.7,19.1,35.3,7.0,0.38,1040.3999999999999,1252.1,21.1,1.4438118318134407,Extreme,High,Wet
135,74.5,1,169.2,0.482,0.55,13.0,4.947282474136668e-06,5.0,4.1,27.9,19.2,32.8,10.1,3.46,74.5,243.7,21.2,1.1529326834275035,Heavy,Medium,Wet
136,13.3,13,124.2,0.33,0.416,13.1,1.1840676300167985e-06,8.3,27.8,20.8,18.9,25.4,9.8,4.97,172.9,297.1,20.9,3.897699586651825,Light,High,Wet
137,90.3,3,237.3,0.46,0.417,11.6,2.167484164990082e-06,2.4,1.8,19.8,20.7,22.5,19.4,4.92,270.9,508.2,22.7,1.079101978877938,Heavy,Low,Wet
138,61.8,21,77.8,0.339,0.464,10.1,1.3277072796067103e-07,3.4,13.8,32.1,18.3,25.6,14.0,1.77,1297.8,1375.6,20.3,2.883198324761122,Heavy,High,Moderate
139,175.0,5,100.6,0.41,0.533,5.6,1.3521277806555802e-07,5.0,23.2,25.9,18.5,36.2,6.8,2.12,875.0,975.6,20.5,2.3769001927730025,Extreme,High,Moderate
140,147.1,2,231.0,0.421,0.442,7.7,2.517375045793586e-07,7.4,7.1,28.9,19.2,23.5,18.6,4.8,294.2,525.2,21.2,2.1200439029558686,Extreme,Medium,Wet
141,179.2,2,210.7,0.375,0.439,9.4,1.6637224499291247e-07,9.8,4.5,24.3,17.5,33.0,17.8,4.31,358.4,569.0999999999999,19.5,1.0912409673878096,Extreme,Medium,Wet
142,79.9,13,163.8,0.449,0.441,13.9,2.1113574036088125e-07,1.7,20.9,18.6,19.0,28.8,14.3,2.39,1038.7,1202.5,21.0,2.6130514323838865,Heavy,Medium,Wet
143,195.4,6,213.5,0.385,0.475,14.5,1.0425545248509962e-06,1.1,28.2,17.1,18.2,20.2,17.5,0.65,1172.4,1385.9,20.2,5.0474247695803305,Extreme,High,Wet
144,166.2,20,45.9,0.484,0.458,14.8,4.823799403335547e-07,7.7,1.0,31.3,17.1,24.9,8.7,1.63,3324.0,3369.9,19.1,1.4358277738122842,Extreme,Medium,Dry
145,30.4,11,195.2,0.32,0.414,12.4,1.629089297651411e-07,4.4,0.9,17.5,19.2,33.7,14.2,1.45,334.4,529.5999999999999,21.2,0.5430566870273286,Moderate,Low,Wet
146,159.3,2,239.3,0.459,0.514,9.6,2.7304258253076666e-06,4.8,18.2,17.7,20.4,37.0,6.7,3.95,318.6,557.9000000000001,22.4,1.6074461705288987,Extreme,Medium,Wet
147,102.0,6,131.8,0.427,0.526,8.7,1.9954893312916843e-07,6.6,12.2,16.6,20.4,35.5,17.6,2.77,612.0,743.8,22.4,1.2563589968805582,Extreme,Medium,Wet
148,87.9,5,105.0,0.322,0.516,5.5,1.466578721379387e-07,8.6,10.9,16.5,18.9,37.6,14.8,0.91,439.5,544.5,20.9,1.1335266965215625,Heavy,Medium,Moderate
149,130.7,20,157.3,0.329,0.486,11.9,7.776683022047664e-07,3.4,12.1,31.6,19.0,39.5,17.1,2.8,2614.0,2771.3,21.0,1.5188535062946815,Extreme,High,Wet
150,96.5,10,181.1,0.441,0.437,11.4,5.466535811077194e-07,3.2,5.3,15.8,18.2,31.7,18.9,0.06,965.0,1146.1,20.2,0.9296770819090047,Heavy,Low,Wet
151,46.2,13,36.1,0.49,0.439,6.4,1.1618382054745032e-07,4.3,10.2,20.4,19.5,35.7,14.4,3.72,600.6,636.7,21.5,1.245487541981324,Moderate,Medium,Dry
152,125.9,9,201.9,0.489,0.469,10.6,3.0402155453074e-06,2.9,29.6,20.6,20.9,39.6,9.2,0.22,1133.1000000000001,1335.0000000000002,22.9,2.166329029031635,Extreme,High,Wet
153,188.9,14,193.9,0.47,0.414,14.4,3.547996008497774e-07,6.5,18.9,25.4,18.2,30.8,7.0,1.83,2644.6,2838.5,20.2,2.5385784110011547,Extreme,High,Wet
154,172.0,3,78.8,0.468,0.453,14.6,2.837393941811289e-06,1.2,24.1,15.5,19.5,38.9,15.9,4.32,516.0,594.8,21.5,1.875356557611937,Extreme,Medium,Moderate
155,115.2,21,236.3,0.335,0.435,10.2,1.005608787917093e-06,3.4,19.2,30.1,17.2,29.6,13.5,0.62,2419.2000000000003,2655.5000000000005,19.2,2.985427379330787,Extreme,High,Wet
156,177.0,8,12.7,0.374,0.451,10.9,8.44007618862222e-06,6.9,25.5,23.0,17.1,28.6,17.0,0.73,1416.0,1428.7,19.1,3.5136476468605355,Extreme,High,Dry
157,127.2,6,52.6,0.343,0.428,12.6,2.205663496841434e-06,4.1,20.2,25.6,18.1,36.6,8.2,3.48,763.2,815.8000000000001,20.1,2.1478602838561094,Extreme,High,Moderate
158,150.5,11,191.9,0.375,0.468,9.4,4.352180877826494e-06,9.1,6.0,16.6,17.2,26.2,11.5,1.72,1655.5,1847.4,19.2,1.314776325960497,Extreme,Low,Wet
159,157.5,4,220.5,0.452,0.5,10.3,2.631540315343638e-07,4.5,28.0,34.4,20.4,39.4,8.7,3.91,630.0,850.5,22.4,2.5045533435946057,Extreme,High,Wet
160,96.8,11,35.5,0.373,0.539,6.2,1.246303788512332e-06,8.5,11.4,25.3,19.4,37.7,17.2,3.24,1064.8,1100.3,21.4,1.3719024391092314,Heavy,Medium,Dry
161,14.8,3,207.8,0.446,0.533,12.4,3.040551855194183e-07,5.2,24.7,31.4,18.0,22.3,12.3,2.96,44.400000000000006,252.20000000000002,20.0,4.83413884270859,Light,High,Wet
162,20.7,9,236.5,0.366,0.49,10.4,2.7618922180298503e-07,2.7,27.6,18.9,19.8,25.0,10.4,1.13,186.29999999999998,422.79999999999995,21.8,3.72354150591911,Light,High,Wet
163,197.8,6,143.2,0.388,0.523,12.4,8.175678121696839e-07,4.0,26.2,21.8,19.0,32.9,6.5,4.2,1186.8000000000002,1330.0000000000002,21.0,2.7497898498235815,Extreme,High,Wet
164,151.6,4,84.4,0.354,0.428,8.0,7.29794893619411e-07,7.1,17.9,25.9,20.8,36.8,15.3,0.21,606.4,690.8,22.8,1.7994369588668926,Extreme,High,Moderate
165,142.3,14,71.0,0.433,0.5,12.5,3.7507095929784327e-06,2.7,20.8,27.1,18.1,34.7,6.9,2.02,1992.2000000000003,2063.2000000000003,20.1,2.398640065620515,Extreme,High,Moderate
166,105.0,12,28.3,0.48,0.495,5.4,7.1007112340573e-07,2.2,29.0,19.4,19.7,21.2,18.1,0.72,1260.0,1288.3,21.7,4.703163270379901,Extreme,High,Dry
167,36.1,15,189.4,0.414,0.529,12.5,1.5194214278569146e-06,5.1,3.5,31.2,19.4,27.3,16.3,3.36,541.5,730.9,21.4,1.522912778387902,Moderate,Medium,Wet
168,138.6,5,247.4,0.333,0.536,14.4,3.8824423784843336e-07,2.3,11.9,21.5,17.0,33.1,11.0,1.85,693.0,940.4,19.0,1.6780552811558034,Extreme,Medium,Wet
169,109.9,14,43.3,0.448,0.466,10.0,4.365596898575433e-06,1.3,25.4,21.9,17.7,20.4,5.6,0.04,1538.6000000000001,1581.9,19.7,4.939613170305206,Extreme,High,Dry
170,42.2,14,98.8,0.485,0.413,7.6,9.435785888263971e-06,1.9,12.8,26.7,17.7,34.1,5.4,3.01,590.8000000000001,689.6,19.7,1.8109590366812107,Moderate,Medium,Moderate
171,43.1,18,13.9,0.447,0.536,12.9,2.3553272390769686e-06,8.4,1.0,28.8,20.7,33.2,7.8,2.54,775.8000000000001,789.7,22.7,0.9139373307550468,Moderate,Medium,Dry
172,177.7,18,101.4,0.303,0.497,13.1,3.7120534379295645e-07,4.0,8.7,17.0,20.2,32.2,12.2,2.31,3198.6,3300.0,22.2,1.1694210706223267,Extreme,Medium,Moderate
173,135.7,16,191.2,0.49,0.548,7.5,5.624080629646126e-06,4.3,20.7,33.3,17.2,32.8,9.0,1.67,2171.2,2362.3999999999996,19.2,2.8867223337968504,Extreme,High,Wet
174,184.5,21,9.0,0.375,0.467,12.9,3.002434113271687e-07,9.8,24.9,19.9,17.9,22.8,13.2,2.43,3874.5,3883.5,19.9,4.170356376333381,Extreme,High,Dry
175,99.8,10,87.3,0.404,0.46,12.0,5.335687413304464e-06,9.5,23.9,25.7,18.0,26.2,12.8,4.13,998.0,1085.3,20.0,3.6764654547020417,Heavy,High,Moderate
176,23.4,16,53.7,0.306,0.481,12.3,3.0872742760527527e-06,1.7,8.3,24.6,18.3,35.3,8.5,4.89,374.4,428.09999999999997,20.3,1.2871989498668543,Light,Medium,Moderate
177,187.4,12,218.6,0.493,0.401,5.1,7.910701547882561e-07,2.3,23.5,15.1,17.8,33.6,7.2,2.55,2248.8,2467.4,19.8,2.393210759336052,Extreme,Medium,Wet
178,176.3,1,99.2,0.439,0.546,10.5,1.0586126454302454e-06,1.1,5.2,20.0,20.2,30.0,19.7,3.87,176.3,275.5,22.2,1.07628940350657,Extreme,Medium,Moderate
179,101.2,11,97.1,0.432,0.43,11.6,6.803340335414268e-06,4.6,7.6,29.3,17.5,21.8,5.5,1.4,1113.2,1210.3,19.5,2.4888264077148503,Extreme,Medium,Moderate
180,28.3,11,234.7,0.473,0.419,5.2,9.365311051862742e-07,1.5,24.2,17.6,20.7,38.6,19.6,0.33,311.3,546.0,22.7,1.8618568682875583,Light,High,Wet
181,45.7,6,160.8,0.381,0.493,11.3,4.249582504425236e-06,3.5,28.9,32.4,17.9,30.7,17.5,1.12,274.20000000000005,435.00000000000006,19.9,3.7879909516606514,Moderate,High,Wet
182,79.9,20,128.6,0.39,0.547,13.1,5.675070218933644e-06,8.7,1.2,33.4,20.2,23.5,8.1,1.65,1598.0,1726.6,22.2,1.6530910615743555,Heavy,Medium,Wet
183,139.1,11,167.7,0.409,0.451,9.6,3.0680265646918946e-07,3.8,27.9,20.8,20.6,37.1,17.0,2.07,1530.1,1697.8,22.6,2.293067457732073,Extreme,High,Wet
184,43.9,5,155.2,0.401,0.432,7.2,8.899795270208723e-07,3.9,14.7,23.5,19.7,25.6,5.3,0.74,219.5,374.7,21.7,2.464948144708908,Moderate,Medium,Wet
185,72.8,19,167.4,0.404,0.46,5.8,9.113664528799539e-07,2.9,5.6,15.6,19.4,28.8,9.5,1.23,1383.2,1550.6000000000001,21.4,1.0329422558221717,Heavy,Low,Wet
186,23.8,7,179.7,0.344,0.505,5.1,5.440578262978833e-06,2.0,17.4,16.1,18.9,21.0,11.3,3.25,166.6,346.29999999999995,20.9,3.150256286146744,Light,Medium,Wet
187,39.6,12,226.2,0.412,0.432,10.0,1.3075352857467863e-06,4.9,16.1,22.8,18.7,21.4,16.4,0.98,475.20000000000005,701.4000000000001,20.7,3.2695531286262574,Moderate,Medium,Wet
188,110.4,4,197.6,0.302,0.548,6.7,3.747271389434077e-07,9.7,19.2,34.9,17.4,22.6,9.0,4.71,441.6,639.2,19.4,4.326763799604222,Extreme,High,Wet
189,182.6,4,121.2,0.431,0.497,8.6,4.5783422672071476e-07,2.9,26.6,23.4,18.3,30.0,7.7,3.94,730.4,851.6,20.3,3.2671510787781344,Extreme,High,Wet
190,145.8,3,206.7,0.304,0.521,13.1,1.873891051372733e-07,8.0,7.8,32.7,20.2,28.0,13.5,1.38,437.40000000000003,644.1,22.2,1.9336260422833025,Extreme,High,Wet
191,30.6,1,166.3,0.368,0.522,7.6,6.552685791080214e-07,7.4,0.4,34.5,19.3,25.7,11.6,4.04,30.6,196.9,21.3,1.4711285271961343,Moderate,Medium,Wet
192,39.8,17,151.3,0.429,0.508,13.6,2.539789313617001e-06,6.2,21.2,18.6,19.0,20.7,18.9,3.52,676.5999999999999,827.8999999999999,21.0,3.8434709688587643,Moderate,Medium,Wet
193,16.4,18,60.5,0.483,0.408,7.5,8.719680991378399e-07,2.8,6.4,28.0,18.4,27.7,19.9,2.22,295.2,355.7,20.4,1.6752682959112482,Light,Medium,Moderate
194,72.2,8,65.6,0.341,0.443,8.8,1.0551602788147104e-06,4.3,29.6,18.0,18.5,26.8,17.7,0.8,577.6,643.2,20.5,3.8106932979838746,Heavy,High,Moderate
195,11.3,19,58.5,0.439,0.412,9.9,1.2664232464791472e-06,9.9,18.5,34.6,19.2,37.5,9.6,0.39,214.70000000000002,273.20000000000005,21.2,2.154746912895136,Light,High,Moderate
196,188.2,15,187.7,0.365,0.408,6.3,6.970660118858698e-07,8.2,13.6,27.3,18.6,36.0,12.4,0.01,2823.0,3010.7,20.6,1.7167904632996425,Extreme,High,Wet
197,199.1,19,225.4,0.418,0.499,8.1,3.492197608918667e-06,2.7,25.8,26.1,20.0,27.0,17.7,1.81,3782.9,4008.3,22.0,3.493240517796626,Extreme,High,Wet
198,33.7,12,176.2,0.371,0.483,5.8,2.533437414879652e-06,7.1,2.1,21.8,20.9,30.2,13.3,1.76,404.40000000000003,580.6,22.9,0.8598590763778372,Moderate,Low,Wet
199,179.9,18,52.1,0.316,0.449,10.9,7.997624895328568e-07,9.0,3.1,32.6,19.7,24.3,14.6,3.0,3238.2000000000003,3290.3,21.7,1.764909259460634,Extreme,Medium,Moderate
200,86.9,19,196.0,0.379,0.484,9.7,1.5596985759279873e-07,4.7,4.8,19.5,17.4,26.1,10.2,1.24,1651.1000000000001,1847.1000000000001,19.4,1.285950483664025,Heavy,Low,Wet
201,89.4,10,134.5,0.372,0.541,13.4,1.093162890597448e-06,7.3,16.4,30.6,17.8,24.8,5.9,2.76,894.0,1028.5,19.8,3.273883744044575,Heavy,High,Wet
202,40.4,6,136.9,0.477,0.466,12.6,7.496331162130358e-06,9.0,8.5,27.2,20.6,22.8,12.8,4.23,242.39999999999998,379.29999999999995,22.6,2.2041790382921547,Moderate,Medium,Wet
203,49.2,12,93.4,0.481,0.479,11.5,3.0009905044747806e-06,6.1,25.0,19.3,20.6,27.6,15.1,0.67,590.4000000000001,683.8000000000001,22.6,2.9912491265695684,Moderate,High,Moderate
204,21.6,19,5.4,0.496,0.433,11.7,1.396143215843464e-06,6.5,22.5,33.3,19.0,28.6,15.2,1.01,410.40000000000003,415.8,21.0,3.376793803422436,Light,High,Dry
205,93.7,16,28.6,0.467,0.427,6.5,5.379341437122546e-07,4.5,16.7,30.0,17.2,38.3,13.1,1.28,1499.2,1527.8,19.2,1.9604631495993756,Heavy,High,Dry
206,195.2,5,10.5,0.31,0.427,13.6,1.5520357440510784e-06,7.0,24.0,19.4,18.1,24.2,15.3,0.87,976.0,986.5,20.1,3.733991773039442,Extreme,High,Dry
207,176.6,7,9.0,0.392,0.43,10.7,1.4703265948342163e-06,7.0,25.3,27.5,18.8,36.7,6.1,3.97,1236.2,1245.2,20.8,2.5038492747134273,Extreme,High,Dry
208,66.8,4,144.8,0.424,0.531,11.3,1.2545370730536489e-06,9.3,27.9,19.2,17.7,39.3,9.9,0.2,267.2,412.0,19.7,2.351289346225316,Heavy,High,Wet
209,121.5,15,97.8,0.49,0.469,11.4,2.1079587887372494e-06,8.0,20.5,26.6,19.3,25.2,18.9,3.73,1822.5,1920.3,21.3,3.3214141530686585,Extreme,High,Moderate
210,135.1,15,225.8,0.466,0.429,6.6,3.997122495566756e-07,7.5,2.5,29.6,20.9,39.8,15.2,3.83,2026.5,2252.3,22.9,0.8253987233504935,Extreme,Medium,Wet
211,139.2,12,20.6,0.339,0.547,8.9,6.897669435170413e-06,7.8,29.9,27.1,18.4,23.3,18.6,4.31,1670.3999999999999,1690.9999999999998,20.4,4.961421923269295,Extreme,High,Dry
212,99.1,16,147.4,0.458,0.541,9.8,1.7571585547944088e-07,2.5,19.3,20.5,20.5,20.9,19.2,2.79,1585.6,1733.0,22.5,3.4445561649141725,Heavy,Medium,Wet
213,31.8,13,180.3,0.358,0.48,9.4,2.0229125149101695e-06,1.5,8.4,18.7,17.5,33.6,16.0,0.19,413.40000000000003,593.7,19.5,1.2319134296192609,Moderate,Medium,Wet
214,25.5,12,73.5,0.399,0.422,6.1,2.9604562506409322e-06,5.0,14.2,27.3,19.7,31.0,6.7,2.61,306.0,379.5,21.7,2.058631621265684,Light,High,Moderate
215,149.2,13,129.0,0.35,0.421,11.5,3.828428856312198e-06,6.5,25.1,29.1,20.1,30.5,12.3,3.66,1939.6,2068.6,22.1,3.064874548408919,Extreme,High,Wet
216,57.8,12,50.1,0.343,0.532,10.9,1.630074333559221e-06,6.8,2.0,19.0,19.0,28.1,17.3,3.18,693.5999999999999,743.6999999999999,21.0,0.8420086919009543,Moderate,Low,Moderate
217,42.9,3,120.4,0.354,0.471,6.2,1.1398307684126892e-07,2.1,23.5,15.8,19.5,27.7,16.2,4.57,128.7,249.1,21.5,2.8344122167090453,Moderate,Medium,Wet
218,97.3,2,219.3,0.458,0.473,7.2,1.588553845004549e-06,5.2,4.7,23.1,20.3,35.9,15.8,0.93,194.6,413.9,22.3,0.9090787110081602,Heavy,Medium,Wet
219,93.0,14,215.2,0.403,0.543,5.2,1.3278154485276415e-06,6.3,23.7,22.7,19.4,38.4,11.3,0.71,1302.0,1517.2,21.4,2.069112735419016,Heavy,High,Wet
220,194.5,5,109.6,0.376,0.406,9.2,2.6591139326529157e-06,8.1,17.6,17.0,18.5,39.3,19.8,2.64,972.5,1082.1,20.5,1.5358541218297115,Extreme,Medium,Moderate
221,17.9,3,145.7,0.323,0.528,10.3,1.1250684876879088e-07,6.9,11.8,18.2,20.0,24.5,13.9,2.77,53.699999999999996,199.39999999999998,22.0,2.0160858846775276,Light,Medium,Wet
222,103.7,7,11.0,0.488,0.525,5.8,8.244934026543306e-06,2.0,14.9,25.2,18.8,37.4,10.9,4.36,725.9,736.9,20.8,1.6520890725996993,Extreme,High,Dry
223,185.5,19,82.8,0.451,0.441,14.7,4.3071976804379593e-07,9.8,18.3,18.9,19.9,20.8,6.4,2.04,3524.5,3607.3,21.9,3.32217135990063,Extreme,Medium,Moderate
224,180.9,19,104.9,0.359,0.484,8.7,9.75538496184644e-07,9.7,9.1,26.1,18.5,33.8,13.4,1.26,3437.1,3542.0,20.5,1.4665756674714645,Extreme,Medium,Moderate
225,105.8,8,112.1,0.43,0.428,9.8,3.311432729765036e-06,9.4,8.1,29.3,20.0,22.0,8.4,0.44,846.4,958.5,22.0,2.3913641393916634,Extreme,Medium,Moderate
226,35.5,8,25.3,0.414,0.445,9.5,3.1894740022292398e-06,7.3,21.0,19.1,19.5,27.2,5.1,0.24,284.0,309.3,21.5,2.7692557233747275,Moderate,High,Dry
227,102.9,1,149.5,0.334,0.461,7.1,7.799264260784317e-06,8.3,7.9,30.7,18.6,30.9,15.8,4.99,102.9,252.4,20.6,1.7017689942898955,Extreme,Medium,Wet
228,124.4,20,178.5,0.38,0.436,5.4,3.371081321993529e-06,3.0,7.0,31.3,19.0,29.8,7.2,4.78,2488.0,2666.5,21.0,1.7049439082026612,Extreme,Medium,Wet
229,45.1,18,66.2,0.406,0.523,10.1,1.3784238699835805e-06,8.6,16.3,30.7,19.6,23.6,16.7,3.63,811.8000000000001,878.0000000000001,21.6,3.2625869783102837,Moderate,High,Moderate
230,111.1,8,190.4,0.457,0.505,14.9,3.7743085837870266e-07,3.9,6.8,34.9,17.7,22.0,13.7,3.28,888.8,1079.2,19.7,2.6775253298687476,Extreme,High,Wet
231,44.5,8,137.1,0.365,0.517,9.2,4.5424619294181677e-07,9.9,22.0,33.9,19.5,30.4,6.4,2.71,356.0,493.1,21.5,3.068327822310355,Moderate,High,Wet
232,85.6,5,202.0,0.312,0.406,7.1,2.1697365166434215e-07,8.6,23.6,31.9,19.7,33.3,13.8,3.63,428.0,630.0,21.7,2.7713165578466037,Heavy,High,Wet
233,66.3,8,232.5,0.377,0.463,8.5,1.2937511797600134e-07,3.7,26.2,15.9,20.0,20.5,9.4,4.83,530.4,762.9,22.0,4.2656401314727805,Heavy,High,Wet
234,180.6,7,147.8,0.33,0.425,14.2,2.0332642805249682e-07,4.2,8.5,29.4,20.9,34.1,8.8,4.15,1264.2,1412.0,22.9,1.4329345203279031,Extreme,Medium,Wet
235,19.7,2,133.3,0.308,0.468,11.0,2.9302013209262926e-07,2.5,9.2,15.7,18.6,30.5,10.0,1.18,39.4,172.70000000000002,20.6,1.3168959203325634,Light,Low,Wet
236,47.1,15,82.2,0.369,0.456,11.5,1.8237899706408766e-06,5.2,11.6,23.5,20.7,38.8,18.5,3.41,706.5,788.7,22.7,1.2377777331392232,Moderate,Medium,Moderate
237,60.6,7,33.0,0.303,0.476,13.6,3.049765495418389e-06,4.4,17.2,15.0,19.9,24.1,18.4,0.59,424.2,457.2,21.9,2.5312230774747233,Heavy,Medium,Dry
238,188.6,10,186.5,0.369,0.51,10.9,1.4776880825604948e-07,1.6,29.4,24.9,18.5,28.4,6.1,3.08,1886.0,2072.5,20.5,3.797635277358327,Extreme,High,Wet
239,193.2,9,22.3,0.435,0.446,10.8,6.350832331818211e-06,6.6,5.0,15.7,17.9,38.4,9.2,3.65,1738.8,1761.1,19.9,0.7070701964327759,Extreme,Low,Dry
240,129.8,2,127.1,0.471,0.54,13.0,3.8005382658126147e-06,6.5,0.5,18.1,19.1,31.3,9.2,2.84,259.6,386.70000000000005,21.1,0.5806297016287693,Extreme,Low,Wet
241,25.8,21,57.7,0.309,0.503,7.4,2.94593947519266e-07,2.5,8.9,32.5,19.7,21.4,13.0,4.87,541.8000000000001,599.5000000000001,21.7,2.778409841819122,Light,High,Moderate
242,146.6,3,50.0,0.301,0.542,12.2,9.701815791111651e-06,4.8,2.8,20.7,18.1,33.9,17.1,2.46,439.79999999999995,489.79999999999995,20.1,0.7925398005645656,Extreme,Low,Dry
243,75.2,11,89.9,0.337,0.431,14.5,2.812148292875613e-06,4.0,19.1,22.1,18.9,32.8,11.1,4.76,827.2,917.1,20.9,2.198194838214049,Heavy,High,Moderate
244,118.1,15,1.6,0.44,0.438,14.5,2.818227821812246e-07,1.5,20.3,24.8,17.9,29.0,19.4,4.27,1771.5,1773.1,19.9,2.8795183443781163,Extreme,High,Dry
245,55.7,19,149.0,0.318,0.507,7.2,4.935873079137672e-07,3.0,6.1,15.4,18.8,25.2,19.1,3.76,1058.3,1207.3,20.8,1.274882093503094,Moderate,Low,Wet
246,130.2,4,152.5,0.321,0.54,7.8,5.897729607275167e-07,5.8,5.9,34.6,17.2,32.0,16.6,0.97,520.8,673.3,19.2,1.6529488036500022,Extreme,High,Wet
247,81.9,8,102.2,0.374,0.525,14.8,3.4772225017433855e-07,8.5,18.5,25.1,19.1,37.6,15.1,0.28,655.2,757.4000000000001,21.1,1.8660093032804153,Heavy,High,Moderate
248,122.9,17,208.3,0.313,0.473,6.1,4.4977437101929537e-07,5.5,18.0,20.1,20.1,29.5,13.1,1.53,2089.3,2297.6000000000004,22.1,2.229641421323219,Extreme,Medium,Wet
249,199.8,9,111.2,0.398,0.441,10.1,4.0576217420364387e-07,3.6,7.7,31.1,17.5,35.0,6.7,1.36,1798.2,1909.4,19.5,1.4898990796557412,Extreme,Medium,Moderate
250,123.0,16,128.4,0.412,0.513,8.9,1.1080928433057926e-07,8.3,16.7,32.6,19.4,37.9,16.6,3.15,1968.0,2096.4,21.4,1.9272862657929217,Extreme,High,Wet
251,117.4,17,221.5,0.355,0.542,7.1,3.926573802684928e-06,3.1,9.4,24.3,18.3,37.2,7.4,2.93,1995.8000000000002,2217.3,20.3,1.2715757346484706,Extreme,Medium,Wet
252,118.7,2,125.2,0.463,0.504,13.6,1.1532316989660553e-07,5.4,19.7,27.3,19.9,33.4,16.5,3.89,237.4,362.6,21.9,2.284102702252739,Extreme,High,Wet
253,193.6,2,122.0,0.327,0.465,5.3,1.8585724542383208e-07,6.8,5.5,22.3,19.2,22.1,13.9,4.11,387.2,509.2,21.2,1.7154899233790242,Extreme,Medium,Wet
254,186.7,8,31.8,0.457,0.451,14.4,2.4184784321238443e-07,7.9,29.3,34.0,19.8,39.2,6.0,2.44,1493.6,1525.3999999999999,21.8,2.641440736231764,Extreme,High,Dry
255,101.4,18,193.2,0.481,0.442,5.3,7.66270267550198e-06,1.1,26.4,22.2,18.6,39.1,14.9,3.78,1825.2,2018.4,20.6,2.248673373316639,Extreme,High,Wet
256,187.6,17,204.3,0.338,0.522,6.3,1.6932441390311878e-06,8.8,29.5,26.4,17.1,31.5,18.7,4.42,3189.2,3393.5,19.1,3.6252409474879608,Extreme,High,Wet
257,155.2,15,64.3,0.486,0.485,8.9,7.059671110983584e-06,1.4,5.1,21.0,18.0,20.0,12.4,3.29,2328.0,2392.3,20.0,1.8331097039126858,Extreme,Medium,Moderate
258,48.8,12,2.9,0.411,0.412,12.4,1.0191962019117029e-06,3.2,26.7,30.3,19.4,29.3,11.8,0.47,585.5999999999999,588.4999999999999,21.4,3.4938220234639608,Moderate,High,Dry
259,51.2,10,11.7,0.359,0.52,9.5,4.772189312179339e-07,5.4,28.8,21.5,17.4,22.4,6.9,4.24,512.0,523.7,19.4,4.971447731228779,Moderate,High,Dry
260,30.9,20,223.2,0.392,0.482,6.7,1.070544110331344e-07,1.8,15.7,18.2,20.2,38.1,16.3,4.38,618.0,841.2,22.2,1.4105481071410162,Moderate,Medium,Wet
261,70.3,11,56.6,0.411,0.517,7.7,1.0060042769893908e-07,10.0,28.7,24.0,18.9,34.7,10.0,4.26,773.3,829.9,20.9,2.8360111250572895,Heavy,High,Moderate
262,142.9,19,126.9,0.497,0.501,11.2,2.9050211670911725e-06,7.1,0.2,21.3,19.2,37.4,18.2,0.62,2715.1,2842.0,21.2,0.5235711554545517,Extreme,Low,Wet
263,13.7,20,38.3,0.387,0.473,14.0,4.138446122919357e-07,3.9,1.6,25.9,17.6,21.3,14.9,1.1,274.0,312.3,19.6,1.478602438545258,Light,Medium,Dry
264,64.6,16,201.4,0.317,0.424,8.2,1.0802877655078683e-07,9.8,23.3,15.5,19.9,34.9,14.4,4.49,1033.6,1235.0,21.9,2.075915648769778,Heavy,Medium,Wet
265,65.7,10,60.0,0.451,0.431,14.9,1.9847407107456428e-07,3.4,19.8,18.4,17.9,24.9,19.1,0.45,657.0,717.0,19.9,3.0996313647192957,Heavy,Medium,Moderate
266,69.7,2,218.0,0.389,0.519,6.8,5.07082866797434e-06,5.5,15.2,15.3,18.2,39.7,14.6,4.05,139.4,357.4,20.2,1.3354764112985158,Heavy,Medium,Wet
267,41.2,21,115.5,0.33,0.443,11.8,8.399528074776371e-07,9.4,29.1,33.0,19.8,39.5,19.7,2.11,865.2,980.7,21.8,2.5706793966069577,Moderate,High,Moderate
268,78.5,16,242.9,0.462,0.518,14.1,2.206172425214162e-07,1.2,16.8,30.1,20.4,33.8,19.9,3.19,1256.0,1498.9,22.4,2.096088782512987,Heavy,High,Wet
269,17.4,7,48.8,0.438,0.538,6.2,5.061609171627458e-07,9.8,10.8,20.5,20.7,23.4,11.1,4.52,121.79999999999998,170.59999999999997,22.7,2.0696645098948636,Light,Medium,Dry
270,36.8,8,1.2,0.42,0.443,11.1,3.848373938400049e-07,1.4,6.9,19.3,18.4,29.6,5.8,0.3,294.4,295.59999999999997,20.4,1.276574097235614,Moderate,Medium,Dry
271,158.9,9,158.0,0.363,0.537,14.4,2.965917701207781e-07,8.4,1.9,34.7,19.7,21.4,7.9,3.14,1430.1000000000001,1588.1000000000001,21.7,2.0129832991484835,Extreme,Medium,Wet
272,56.9,2,249.2,0.34,0.41,12.7,1.5993285028274091e-07,4.3,10.2,34.0,20.3,31.5,19.4,0.97,113.8,363.0,22.3,1.9206430438873052,Moderate,High,Wet
273,167.7,13,69.7,0.351,0.491,14.0,2.4114399992902035e-06,2.9,27.0,33.3,19.4,32.6,12.6,4.37,2180.1,2249.7999999999997,21.4,3.203353139003504,Extreme,High,Moderate
274,18.5,8,244.6,0.362,0.4,14.3,4.448950491138324e-07,8.6,19.8,27.5,18.4,28.3,19.8,0.11,148.0,392.6,20.4,2.9653082860749804,Light,High,Wet
275,157.9,3,31.1,0.371,0.544,10.5,6.628106649314307e-07,9.6,7.0,15.2,19.6,22.3,6.0,1.24,473.70000000000005,504.80000000000007,21.6,1.5332626566134724,Extreme,Low,Dry
276,15.9,15,37.8,0.347,0.548,12.0,1.3576343964076497e-07,3.4,4.5,32.0,17.9,21.7,15.0,3.7,238.5,276.3,19.9,2.2019592217334285,Light,Medium,Dry
277,132.0,13,42.2,0.425,0.507,11.3,5.841407271622524e-06,7.7,7.3,34.8,17.6,32.2,17.4,4.0,1716.0,1758.2,19.6,1.7623179351650242,Extreme,High,Dry
278,98.5,15,29.1,0.349,0.479,9.0,3.251638311366519e-07,8.8,22.0,22.2,17.8,38.2,15.0,3.1,1477.5,1506.6,19.8,2.0892117052534283,Heavy,High,Dry
279,162.2,17,13.0,0.456,0.467,11.8,1.0362535149049262e-06,7.2,13.0,23.1,19.8,37.2,19.3,0.17,2757.3999999999996,2770.3999999999996,21.8,1.426933928470446,Extreme,Medium,Dry
280,99.4,20,57.2,0.4,0.492,7.3,2.6093856672547953e-06,6.5,7.5,33.4,18.3,25.1,14.3,0.58,1988.0,2045.2,20.3,2.282528704883291,Heavy,High,Moderate
281,131.9,1,9.8,0.405,0.433,13.3,8.051068832001559e-07,3.2,26.0,21.9,17.7,23.7,10.2,2.07,131.9,141.70000000000002,19.7,4.262083781684248,Extreme,High,Dry
282,137.1,2,14.8,0.321,0.403,12.0,1.9217984328640643e-07,2.3,21.8,15.6,17.5,33.4,11.4,4.48,274.2,289.0,19.5,2.312661513156329,Extreme,Medium,Dry
283,36.3,18,6.8,0.439,0.435,7.3,8.545239595695852e-06,9.1,14.8,19.6,20.3,25.5,8.4,2.62,653.4,660.1999999999999,22.3,2.2750601398812726,Moderate,Medium,Dry
284,15.1,3,98.3,0.341,0.511,9.7,1.0145457555778954e-07,1.1,18.7,34.4,17.9,28.0,16.8,1.48,45.3,143.6,19.9,3.2525415664863937,Light,High,Moderate
285,25.2,10,162.3,0.485,0.547,5.2,4.6310024623067344e-07,4.6,21.7,23.8,18.5,37.3,5.2,0.83,252.0,414.3,20.5,2.1187113513444253,Light,High,Wet
286,160.9,3,209.0,0.326,0.453,7.9,1.2462898715001764e-07,3.7,2.1,16.6,18.5,39.3,8.0,4.63,482.70000000000005,691.7,20.5,0.5029092616250473,Extreme,Low,Wet
287,140.5,13,199.3,0.307,0.493,6.1,1.798642519540363e-07,4.3,2.7,22.4,18.7,26.5,5.7,2.37,1826.5,2025.8,20.7,1.116277204817844,Extreme,Medium,Wet
288,69.2,6,72.4,0.47,0.41,6.0,5.7123411120471556e-06,1.2,12.6,28.5,18.8,38.9,16.9,2.91,415.20000000000005,487.6,20.8,1.5034961608920654,Heavy,High,Moderate
289,77.4,2,34.9,0.395,0.47,13.4,5.949557001559152e-07,2.1,26.1,27.0,17.1,40.0,8.3,3.04,154.8,189.70000000000002,19.1,2.4262211104916966,Heavy,High,Dry
290,68.8,6,40.8,0.379,0.454,9.9,4.2639424547799354e-07,9.9,29.2,34.1,20.3,24.6,18.8,0.56,412.79999999999995,453.59999999999997,22.3,4.620597154289043,Heavy,High,Dry
291,144.9,11,165.4,0.487,0.515,14.2,1.580792036082706e-07,4.2,2.6,34.5,20.1,37.1,18.6,2.5,1593.9,1759.3000000000002,22.1,1.0797839565220382,Extreme,Medium,Wet
292,105.0,8,113.7,0.404,0.438,8.6,2.3687657546660684e-07,6.2,22.1,29.4,17.3,34.8,18.2,3.97,840.0,953.7,19.3,2.648747815885362,Extreme,High,Moderate
293,126.3,3,19.9,0.334,0.509,11.9,7.29663988809677e-06,2.3,6.6,20.1,19.5,36.4,14.9,1.28,378.9,398.79999999999995,21.5,0.95543790038361,Extreme,Medium,Dry
294,12.8,19,37.0,0.383,0.411,6.9,2.560582033388007e-06,2.5,15.2,30.3,17.3,26.1,6.8,0.42,243.20000000000002,280.20000000000005,19.3,2.986284203416079,Light,High,Dry
295,77.8,11,92.8,0.475,0.469,11.1,7.878650653914205e-06,7.7,27.3,26.4,17.5,22.2,14.1,2.8,855.8,948.5999999999999,19.5,5.039064940690015,Heavy,High,Moderate
296,183.4,9,184.3,0.453,0.48,11.9,3.7152480660304425e-06,3.3,24.3,19.1,19.6,27.1,7.3,3.48,1650.6000000000001,1834.9,21.6,3.099466159199962,Extreme,High,Wet
297,178.9,9,107.0,0.325,0.472,5.0,1.6405899733513482e-07,7.7,21.0,34.3,17.6,24.0,16.0,3.22,1610.1000000000001,1717.1000000000001,19.6,4.212072648129534,Extreme,High,Moderate
298,85.1,4,206.2,0.444,0.517,15.0,1.1001324569990194e-07,4.8,3.5,27.8,19.7,32.3,17.4,0.15,340.4,546.5999999999999,21.7,1.1150497070334902,Heavy,Medium,Wet
299,181.0,4,139.1,0.429,0.526,7.4,1.5753753697636632e-06,6.7,16.3,18.5,18.8,21.5,14.5,0.22,724.0,863.1,20.8,3.050481443079033,Extreme,Medium,Wet
300,40.7,9,26.5,0.465,0.436,6.0,5.995019025242652e-07,1.8,5.3,18.8,20.4,22.6,18.3,4.28,366.3,392.8,22.4,1.4419640216454919,Moderate,Low,Dry
301,192.3,15,227.4,0.355,0.541,5.9,6.240792693738906e-06,5.6,2.4,26.5,20.9,22.7,15.5,2.48,2884.5,3111.9,22.9,1.4664137130015928,Extreme,Medium,Wet
302,185.0,16,183.7,0.427,0.42,9.9,1.2920314397551266e-06,5.5,17.0,18.5,20.4,29.4,5.2,1.45,2960.0,3143.7,22.4,2.0727394428336683,Extreme,Medium,Wet
303,97.6,20,143.5,0.396,0.429,14.1,3.1895642060873995e-07,6.8,6.1,23.2,19.2,29.0,13.8,4.81,1952.0,2095.5,21.2,1.346376861127128,Heavy,Medium,Wet
304,38.7,13,204.6,0.466,0.546,12.9,1.8845901356229447e-06,7.2,15.1,26.6,20.7,36.2,10.3,4.22,503.1,707.7,22.7,1.6808979081718554,Moderate,High,Wet
305,165.0,19,53.0,0.309,0.423,7.5,2.122596577802037e-06,1.3,7.4,32.5,19.9,28.2,14.3,1.46,3135.0,3188.0,21.9,1.88164567245255,Extreme,Medium,Moderate
306,45.7,12,233.1,0.472,0.462,8.7,4.596010438503891e-06,6.4,10.7,27.6,17.2,29.6,14.0,3.65,548.4000000000001,781.5000000000001,19.2,2.015353953334679,Moderate,Medium,Wet
307,186.4,17,241.0,0.332,0.407,10.0,1.613104937149719e-06,9.7,3.4,21.1,19.4,39.0,18.5,3.74,3168.8,3409.8,21.4,0.6929324299448286,Extreme,Low,Wet
308,164.1,19,231.3,0.31,0.407,8.0,3.4669784177933294e-07,8.3,6.3,21.7,18.4,34.2,12.4,2.42,3117.9,3349.2000000000003,20.4,1.0893766937725309,Extreme,Medium,Wet
309,124.7,17,61.5,0.464,0.539,12.3,1.8054499901124444e-07,5.2,12.1,25.0,17.6,25.0,10.3,0.25,2119.9,2181.4,19.6,2.4743485078503213,Extreme,Medium,Moderate
310,113.7,14,203.1,0.494,0.474,13.5,7.581052775120909e-07,3.9,0.2,29.9,20.1,30.5,15.0,2.26,1591.8,1794.8999999999999,22.1,0.9930917607257176,Extreme,Medium,Wet
311,38.5,19,133.7,0.462,0.498,5.8,3.1984227537092537e-06,9.3,19.0,16.9,17.1,27.0,9.6,1.76,731.5,865.2,19.1,2.7769650024277404,Moderate,Medium,Wet
312,85.7,20,81.0,0.311,0.421,10.3,2.1828750856753292e-06,7.5,18.8,18.8,17.4,28.5,7.2,4.82,1714.0,1795.0,19.4,2.6169493010599285,Heavy,Medium,Moderate
313,178.3,15,196.9,0.368,0.413,6.4,8.196677544364447e-06,7.4,21.5,31.6,20.7,22.2,17.7,0.51,2674.5,2871.4,22.7,4.052639261001619,Extreme,High,Wet
314,63.9,16,66.6,0.346,0.488,11.7,5.509591985199003e-07,3.6,3.6,25.0,19.1,24.7,12.2,2.93,1022.4,1089.0,21.1,1.4236141141106493,Heavy,Medium,Moderate
315,150.2,19,83.4,0.338,0.513,7.6,4.4455173427832654e-07,9.6,22.4,25.7,20.3,28.5,15.5,3.93,2853.7999999999997,2937.2,22.3,2.9186833770435867,Extreme,High,Moderate
316,160.0,19,107.6,0.352,0.502,6.5,9.679682962149463e-07,8.8,19.7,30.2,18.2,26.8,11.6,3.76,3040.0,3147.6,20.2,3.2950142806912144,Extreme,High,Moderate
317,145.4,16,224.4,0.376,0.409,8.2,1.9532934428363008e-06,8.5,10.4,26.2,17.4,21.1,11.5,3.51,2326.4,2550.8,19.4,2.8241846281129033,Extreme,Medium,Wet
318,183.9,20,111.0,0.323,0.444,8.5,2.701229342224078e-07,7.4,3.9,34.1,18.7,34.6,12.5,2.59,3678.0,3789.0,20.7,1.283760500965792,Extreme,Medium,Moderate
319,51.6,20,122.7,0.377,0.472,7.2,1.4184702589701197e-06,9.8,16.9,30.8,17.6,38.0,13.4,3.92,1032.0,1154.7,19.6,1.9920332082382022,Moderate,High,Wet
320,93.5,16,188.5,0.39,0.52,10.8,2.384560800256018e-06,6.7,25.8,22.8,19.2,31.2,13.2,3.06,1496.0,1684.5,21.2,2.912893968365059,Heavy,High,Wet
321,159.5,4,245.6,0.496,0.459,11.6,5.609145127089921e-07,5.8,3.3,19.9,21.0,23.2,17.0,2.96,638.0,883.6,23.0,1.2112392452701952,Extreme,Low,Wet
322,152.4,14,60.3,0.419,0.439,5.2,8.39314244188623e-06,9.1,7.8,19.7,20.3,32.1,15.6,2.72,2133.6,2193.9,22.3,1.1833089270206534,Extreme,Medium,Moderate
323,44.7,18,205.7,0.393,0.425,15.0,2.396309712327611e-07,8.4,5.8,24.8,20.5,25.5,8.0,0.36,804.6,1010.3,22.5,1.5619075781027896,Moderate,Medium,Wet
324,97.9,6,84.6,0.313,0.412,12.3,5.047339682870995e-07,3.0,19.9,16.5,17.7,23.4,11.1,2.67,587.4000000000001,672.0000000000001,19.7,3.2825986440578028,Heavy,Medium,Moderate
325,193.3,9,16.4,0.305,0.539,14.2,2.0325505996521924e-06,4.1,6.6,32.3,19.7,27.8,10.5,0.37,1739.7,1756.1000000000001,21.7,1.8344563997426762,Extreme,Medium,Dry
326,76.1,17,55.0,0.407,0.457,6.6,2.2126921715354456e-06,8.1,17.0,18.0,19.2,20.3,14.0,3.85,1293.6999999999998,1348.6999999999998,21.2,3.2719643448987803,Heavy,Medium,Moderate
327,100.4,14,154.1,0.395,0.544,8.5,8.605700518627714e-07,7.7,24.6,26.2,18.1,33.4,15.8,1.13,1405.6000000000001,1559.7,20.1,2.8074573202782678,Extreme,High,Wet
328,162.6,9,3.7,0.333,0.469,13.6,6.750126894097874e-07,4.8,10.6,21.2,19.1,28.0,9.1,1.31,1463.3999999999999,1467.1,21.1,1.7732396746652406,Extreme,Medium,Dry
329,59.1,13,148.4,0.348,0.533,6.5,1.797521710370881e-06,9.1,5.7,33.7,19.8,21.7,16.2,3.21,768.3000000000001,916.7,21.8,2.3992961067927037,Moderate,Medium,Wet
330,88.3,20,103.4,0.416,0.491,10.9,2.638148980052637e-06,9.6,15.3,26.5,20.6,20.3,11.9,4.14,1766.0,1869.4,22.6,3.3556700803595443,Heavy,High,Moderate
331,173.7,4,159.7,0.48,0.405,5.0,6.203005306976243e-07,5.1,13.4,19.2,17.7,35.5,18.4,0.83,694.8,854.5,19.7,1.549572035196442,Extreme,Medium,Wet
332,40.9,14,126.3,0.368,0.433,13.9,1.783188823692839e-07,1.5,15.6,27.7,20.1,23.7,12.4,1.49,572.6,698.9,22.1,2.964059471047871,Moderate,High,Wet
333,87.4,10,49.1,0.421,0.491,9.0,4.0395507715843673e-07,4.1,17.0,21.0,20.1,23.2,11.7,3.02,874.0,923.1,22.1,2.8689538233505227,Heavy,Medium,Dry
334,11.0,7,91.7,0.359,0.414,13.2,6.614551637618403e-06,5.4,22.8,30.9,18.8,23.5,17.5,4.64,77.0,168.7,20.8,4.165598118507683,Light,High,Moderate
335,190.1,6,90.5,0.448,0.481,9.5,5.558526914615996e-07,3.5,6.2,18.9,18.1,36.5,19.2,1.03,1140.6,1231.1,20.1,0.9256135022594301,Extreme,Medium,Moderate
336,149.7,14,23.1,0.497,0.404,5.7,5.525850765479586e-06,1.5,4.9,18.5,18.4,25.5,14.9,0.52,2095.7999999999997,2118.8999999999996,20.4,1.2598123512310677,Extreme,Low,Dry
337,131.2,10,241.0,0.461,0.455,8.5,1.617430725799672e-06,8.7,9.7,27.1,18.9,34.4,8.6,1.98,1312.0,1553.0,20.9,1.496906638552873,Extreme,Medium,Wet
338,199.4,2,12.3,0.453,0.405,7.9,4.16600090160889e-06,4.1,9.6,23.7,19.5,35.8,9.0,4.9,398.8,411.1,21.5,1.2912474084991432,Extreme,Medium,Dry
339,157.3,17,76.0,0.441,0.406,14.3,8.860845826556047e-07,9.3,12.9,31.7,18.9,22.6,5.8,3.39,2674.1000000000004,2750.1000000000004,20.9,3.1234152201719967,Extreme,High,Moderate
340,80.9,15,39.6,0.381,0.535,13.5,3.931366807071859e-07,9.7,22.2,28.9,18.4,27.5,19.2,4.45,1213.5,1253.1,20.4,3.378145802861663,Heavy,High,Dry
341,60.3,19,75.5,0.3,0.452,14.5,2.4738008415911506e-07,5.3,4.0,21.1,18.7,32.1,14.8,3.44,1145.7,1221.2,20.7,0.9561179019087039,Heavy,Medium,Moderate
342,35.1,2,142.3,0.484,0.419,12.8,5.2331783814426e-06,5.1,17.8,22.1,17.4,32.4,15.4,2.1,70.2,212.5,19.4,2.2518168037430635,Moderate,Medium,Wet
343,182.1,9,22.8,0.433,0.534,12.1,2.0078750078237742e-06,3.6,12.3,29.3,19.6,23.1,14.2,3.15,1638.8999999999999,1661.6999999999998,21.6,2.7869264047232676,Extreme,High,Dry
344,148.7,11,172.1,0.425,0.413,9.3,2.1392178507668058e-07,6.0,24.5,24.1,17.8,22.9,12.8,0.28,1635.6999999999998,1807.7999999999997,19.8,4.317364369679895,Extreme,High,Wet
345,88.2,2,168.2,0.473,0.494,9.3,3.6420037219244097e-06,4.6,7.9,23.0,17.7,27.7,5.9,1.16,176.4,344.6,19.7,1.6586343462854405,Heavy,Medium,Wet
346,54.6,4,100.2,0.323,0.422,14.0,7.374035374703201e-07,6.3,7.3,16.4,19.7,29.2,18.8,2.09,218.4,318.6,21.7,1.1896526283372677,Moderate,Low,Moderate
347,70.6,12,164.4,0.483,0.459,6.6,2.461462637141314e-06,1.8,11.8,24.6,18.1,29.7,6.2,4.08,847.1999999999999,1011.5999999999999,20.1,1.9456329607296514,Heavy,Medium,Wet
348,89.4,11,116.2,0.409,0.461,9.0,4.713582885467095e-06,2.2,18.7,23.2,19.9,33.8,8.0,0.12,983.4000000000001,1099.6000000000001,21.9,2.043940703132271,Heavy,High,Moderate
349,168.6,11,73.7,0.369,0.507,12.6,1.1546490374578556e-06,4.9,18.9,26.1,18.6,37.8,9.7,2.21,1854.6,1928.3,20.6,1.9415544123921242,Extreme,High,Moderate
350,84.4,11,92.3,0.477,0.434,14.6,1.0525229512799566e-07,7.5,26.2,17.2,21.0,28.7,19.5,3.04,928.4000000000001,1020.7,23.0,2.844230578291809,Heavy,High,Moderate
351,86.2,8,171.9,0.435,0.54,10.4,2.4687792665485457e-06,7.5,13.6,24.9,20.1,23.2,13.2,2.34,689.6,861.5,22.1,2.6616892291049496,Heavy,Medium,Wet
352,128.1,9,216.1,0.406,0.478,13.4,1.277736541684801e-07,5.7,12.3,31.1,17.9,35.3,9.6,4.74,1152.8999999999999,1368.9999999999998,19.9,1.822482311571717,Extreme,High,Wet
353,141.2,18,175.1,0.391,0.403,9.7,4.3398616751489857e-07,8.6,2.3,33.2,17.2,21.6,12.5,3.59,2541.6,2716.7,19.2,1.9905199337573098,Extreme,Medium,Wet
354,156.8,1,102.7,0.326,0.48,10.4,1.0601751575783931e-07,6.8,23.3,29.6,17.7,24.2,8.2,0.85,156.8,259.5,19.7,4.193120885582204,Extreme,High,Moderate
355,170.4,18,171.3,0.367,0.527,10.7,5.176718700038846e-07,3.6,2.9,26.9,18.8,27.4,18.1,1.2,3067.2000000000003,3238.5000000000005,20.8,1.2763254506360788,Extreme,Medium,Wet
356,160.6,12,40.3,0.474,0.498,6.6,9.081123715826024e-06,10.0,27.3,29.0,20.4,23.4,11.4,4.24,1927.1999999999998,1967.4999999999998,22.4,4.373411941539349,Extreme,High,Dry
357,98.8,9,177.2,0.443,0.549,8.1,2.0700102119274833e-06,4.8,28.8,20.9,20.6,29.3,10.6,4.02,889.1999999999999,1066.3999999999999,22.6,3.1717821315897674,Heavy,High,Wet
358,27.0,8,14.4,0.445,0.415,14.5,2.6051010076076574e-06,1.0,0.1,21.1,19.3,27.2,14.7,4.61,216.0,230.4,21.3,0.7608995141811961,Light,Low,Dry
359,34.6,10,39.4,0.387,0.532,9.6,2.2161369889507155e-07,7.1,3.7,16.4,20.2,21.1,5.5,3.68,346.0,385.4,22.2,1.2374295441946497,Moderate,Low,Dry
360,116.2,13,67.2,0.486,0.402,7.0,3.4341108036288334e-07,9.6,9.9,30.7,19.2,32.3,9.9,0.68,1510.6000000000001,1577.8000000000002,21.2,1.754868081690544,Extreme,High,Moderate
361,144.0,7,195.8,0.394,0.45,12.7,3.3657464055144137e-07,2.0,22.0,25.3,17.9,38.0,8.0,1.59,1008.0,1203.8,19.9,2.1781382583304536,Extreme,High,Wet
362,148.0,1,34.2,0.305,0.437,10.3,1.4038655762012905e-07,6.4,11.1,28.2,18.8,26.3,5.4,4.8,148.0,182.2,20.8,2.2795440210168834,Extreme,Medium,Dry
363,107.2,13,91.4,0.44,0.516,9.2,5.7552307904415655e-06,8.2,10.4,21.8,20.6,35.9,18.7,4.64,1393.6000000000001,1485.0000000000002,22.6,1.2499678637081901,Extreme,Medium,Moderate
364,95.7,5,131.0,0.363,0.441,8.8,1.7388037122465394e-06,7.9,22.3,20.0,17.9,32.9,10.4,3.99,478.5,609.5,19.9,2.4883414697684154,Heavy,High,Wet
365,161.7,19,173.1,0.36,0.503,8.5,5.2955222728423716e-06,8.4,18.3,28.6,20.0,36.4,7.4,1.49,3072.2999999999997,3245.3999999999996,22.0,1.9805911061094446,Extreme,High,Wet
366,28.9,18,163.1,0.348,0.453,7.0,5.41494599793098e-07,4.6,1.7,21.3,18.3,27.4,19.6,3.8,520.1999999999999,683.3,20.3,0.9313768101715827,Light,Low,Wet
367,124.9,13,108.8,0.442,0.453,5.6,1.7013803491275117e-07,5.9,30.0,18.0,18.5,25.3,17.2,3.1,1623.7,1732.5,20.5,4.117939994639897,Extreme,High,Moderate
368,16.8,5,165.7,0.499,0.464,14.2,6.11892721149523e-07,3.9,1.5,25.8,20.9,30.1,7.5,4.13,84.0,249.7,22.9,0.9577516678411823,Light,Medium,Wet
369,92.3,9,33.5,0.474,0.448,12.1,4.001096984790434e-06,9.4,28.3,15.3,19.3,38.3,7.7,1.8,830.6999999999999,864.1999999999999,21.3,2.2030832186968774,Heavy,High,Dry
370,86.6,20,79.9,0.348,0.501,7.5,7.667453646504035e-07,6.4,6.5,23.0,17.3,20.1,18.0,0.48,1732.0,1811.9,19.3,2.1866420553400654,Heavy,Medium,Moderate
371,135.9,7,171.0,0.352,0.476,12.6,1.7697396619520192e-06,6.7,15.0,23.9,19.6,33.7,13.7,2.97,951.3000000000001,1122.3000000000002,21.6,1.8119870260341684,Extreme,Medium,Wet
372,42.3,15,93.8,0.357,0.423,10.1,1.1040043418087084e-06,9.0,22.8,17.9,18.0,37.9,17.2,1.87,634.5,728.3,20.0,2.042005443401049,Moderate,High,Moderate
373,198.5,12,94.8,0.471,0.447,11.4,2.434338832567451e-07,3.3,27.4,33.7,17.2,25.9,19.8,1.88,2382.0,2476.8,19.2,4.654163462523244,Extreme,High,Moderate
374,75.7,10,178.3,0.397,0.467,8.0,2.35086723042246e-07,2.5,2.7,32.9,20.8,26.0,16.0,0.12,757.0,935.3,22.8,1.5925462500364482,Heavy,Medium,Wet
375,133.8,19,44.3,0.5,0.458,9.0,1.8145804519521011e-06,4.9,21.9,22.0,17.9,25.4,17.3,1.95,2542.2000000000003,2586.5000000000005,19.9,3.427485796080721,Extreme,High,Dry
376,174.4,17,59.4,0.344,0.457,6.9,3.1447899918792725e-06,2.1,17.6,27.7,17.1,35.9,13.8,1.61,2964.8,3024.2000000000003,19.1,2.1471142407533814,Extreme,High,Moderate
377,55.1,14,62.8,0.495,0.545,5.5,7.519252004105547e-06,7.6,15.4,20.2,18.7,26.7,14.7,2.52,771.4,834.1999999999999,20.7,2.3689500938638584,Moderate,Medium,Moderate
378,56.3,4,181.5,0.391,0.531,10.6,1.1460435097464775e-06,8.9,27.1,33.7,20.5,38.5,10.7,2.05,225.2,406.7,22.5,2.5003501529302583,Moderate,High,Wet
379,133.2,4,140.1,0.481,0.503,12.5,6.530566186828317e-06,1.4,11.3,32.4,19.6,28.1,12.7,4.78,532.8,672.9,21.6,2.268282217072372,Extreme,High,Wet
380,101.6,6,213.9,0.44,0.431,13.8,8.139770494852985e-07,2.4,13.8,32.2,19.0,38.7,6.6,0.5,609.5999999999999,823.4999999999999,21.0,1.6926263321587207,Extreme,High,Wet
381,177.5,18,214.6,0.493,0.528,9.5,2.5917368314792274e-07,2.6,6.2,25.1,20.1,33.5,17.1,1.42,3195.0,3409.6,22.1,1.1737556862146363,Extreme,Medium,Wet
382,61.2,9,238.7,0.354,0.488,8.3,2.3048425615932564e-06,1.1,12.4,19.0,18.5,39.7,9.3,4.71,550.8000000000001,789.5,20.5,1.2220890576464802,Heavy,Medium,Wet
383,165.9,3,68.5,0.4,0.434,10.4,6.49206066149853e-07,6.5,23.0,25.4,18.8,24.0,19.0,2.75,497.70000000000005,566.2,20.8,3.8143076184701696,Extreme,High,Moderate
384,173.0,7,38.6,0.351,0.433,13.8,3.5701552323547873e-06,8.2,20.7,24.1,20.3,27.5,6.3,0.69,1211.0,1249.6,22.3,2.818130823161747,Extreme,High,Dry
385,79.1,14,80.9,0.436,0.42,6.4,9.568995405469558e-07,9.3,15.8,22.4,20.2,25.0,12.9,4.4,1107.3999999999999,1188.3,22.2,2.561288569912975,Heavy,Medium,Moderate
386,134.8,15,149.5,0.346,0.537,14.8,4.515972407281944e-06,6.0,18.6,15.2,18.5,38.8,6.3,1.16,2022.0000000000002,2171.5,20.5,1.5883912980240131,Extreme,Medium,Wet
387,108.2,7,48.3,0.316,0.524,11.6,1.4959924614724896e-07,5.4,16.5,28.5,20.4,33.5,16.2,2.68,757.4,805.6999999999999,22.4,2.042315633246663,Extreme,High,Dry
388,102.7,1,134.8,0.328,0.474,14.1,6.986668085617308e-07,2.4,0.8,27.0,20.8,27.1,17.8,0.88,102.7,237.5,22.8,1.0708604699396247,Extreme,Medium,Wet
389,52.3,21,153.6,0.345,0.417,8.8,9.913436054369354e-07,6.3,13.3,31.4,19.2,36.0,15.6,4.96,1098.3,1251.8999999999999,21.2,1.7935783386055602,Moderate,High,Wet
390,170.0,5,71.7,0.492,0.409,5.7,2.7102538901053213e-07,9.6,23.8,16.4,18.4,29.9,8.3,2.39,850.0,921.7,20.4,2.7612588586949607,Extreme,High,Moderate
391,191.0,11,152.4,0.385,0.515,13.4,4.454668643433655e-06,3.8,3.9,26.8,19.8,35.4,10.0,3.12,2101.0,2253.4,21.8,0.9879591814841275,Extreme,Medium,Wet
392,172.4,11,139.9,0.46,0.432,13.2,8.01486654029901e-06,3.6,14.0,15.4,19.0,35.6,13.1,2.89,1896.4,2036.3000000000002,21.0,1.413948911548087,Extreme,Medium,Wet
393,147.8,7,219.8,0.442,0.405,9.1,1.1927743229119195e-07,8.7,4.2,22.7,19.3,21.5,11.9,2.2,1034.6000000000001,1254.4,21.3,1.6143912921781836,Extreme,Medium,Wet
394,171.8,8,141.6,0.455,0.539,13.1,7.192106880091513e-07,9.2,13.5,32.8,20.1,36.6,19.0,2.05,1374.4,1516.0,22.1,1.7721272098341478,Extreme,High,Wet
395,12.6,18,67.9,0.397,0.511,10.6,1.1227480422947156e-06,8.7,10.5,21.6,19.1,20.0,18.4,2.24,226.79999999999998,294.7,21.1,2.598196609674854,Light,Medium,Moderate
396,114.7,10,232.2,0.322,0.545,5.1,1.655040023250751e-06,1.3,14.4,32.8,20.4,29.9,16.9,1.91,1147.0,1379.2,22.4,2.348310408937011,Extreme,High,Wet
397,58.1,7,17.0,0.311,0.487,5.3,6.292867020069822e-06,8.0,16.2,23.9,19.4,36.7,15.9,2.83,406.7,423.7,21.4,1.7148241784836158,Moderate,High,Dry
398,64.8,8,83.5,0.346,0.463,8.4,8.477523760873215e-07,3.8,13.7,17.8,18.2,21.7,5.2,0.15,518.4,601.9,20.2,2.6983707211956767,Heavy,Medium,Moderate
399,171.3,6,138.3,0.475,0.477,5.5,1.4341587847551519e-06,5.9,1.8,24.2,19.4,34.3,10.6,4.33,1027.8000000000002,1166.1000000000001,21.4,0.7948374179224376,Extreme,Medium,Wet
400,113.1,12,211.3,0.327,0.519,5.4,3.4171303611773752e-06,7.4,6.7,26.9,17.2,29.9,16.8,1.68,1357.1999999999998,1568.4999999999998,19.2,1.5596940196350322,Extreme,Medium,Wet
401,117.0,13,41.1,0.408,0.529,6.0,6.306229558916219e-07,7.4,17.3,24.1,19.8,26.1,8.7,1.21,1521.0,1562.1,21.8,2.6966169060215557,Extreme,High,Dry
402,153.8,20,111.8,0.35,0.41,14.7,2.872290518931874e-07,7.1,28.5,21.7,17.8,23.1,15.7,4.05,3076.0,3187.8,19.8,4.686758545184517,Extreme,High,Moderate
403,50.6,2,70.3,0.444,0.487,10.6,5.194540430731525e-06,9.5,14.3,24.2,20.5,28.4,8.3,4.18,101.2,171.5,22.5,2.1212929053889784,Moderate,Medium,Moderate
404,39.0,4,114.7,0.384,0.45,12.8,1.1124015436809877e-06,9.0,8.2,25.8,20.6,24.3,13.3,0.01,156.0,270.7,22.6,1.9522554616174248,Moderate,Medium,Moderate
405,178.4,13,220.4,0.328,0.502,14.1,6.395677120835228e-06,4.2,3.7,25.6,19.9,30.3,10.1,1.34,2319.2000000000003,2539.6000000000004,21.9,1.1380955959189099,Extreme,Medium,Wet
406,43.6,10,209.3,0.491,0.4,14.1,1.2340715444904745e-06,4.0,8.5,22.0,20.5,34.6,6.1,4.75,436.0,645.3,22.5,1.1867157676510138,Moderate,Medium,Wet
407,88.9,5,94.5,0.463,0.423,13.3,3.449986824485446e-06,9.1,11.1,23.8,17.7,30.9,16.9,3.17,444.5,539.0,19.7,1.7847840126873242,Heavy,Medium,Moderate
408,79.2,13,24.6,0.476,0.403,10.7,6.821105355915649e-07,2.2,25.9,32.0,17.6,20.4,10.9,2.27,1029.6000000000001,1054.2,19.6,5.637211759859939,Heavy,High,Dry
409,22.5,15,217.4,0.337,0.488,5.8,3.101748943210388e-07,8.9,9.8,32.0,19.5,39.1,10.4,0.06,337.5,554.9,21.5,1.3873065547167935,Light,High,Wet
410,83.9,5,200.0,0.431,0.508,9.8,7.749554014094181e-06,8.6,25.4,20.6,19.8,31.8,8.5,2.29,419.5,619.5,21.8,2.6752149942621,Heavy,High,Wet
411,181.5,3,30.1,0.354,0.549,11.2,2.852774465721145e-07,2.1,17.2,26.2,18.0,26.0,16.1,2.4,544.5,574.6,20.0,2.968053789905515,Extreme,High,Dry
412,171.1,6,11.4,0.467,0.473,11.0,1.9040568990792735e-06,6.9,18.1,22.6,21.0,25.3,14.1,0.13,1026.6,1038.0,23.0,2.7039780869312664,Extreme,High,Dry
413,123.5,17,8.1,0.357,0.442,12.2,1.5527667456034398e-07,5.8,1.4,27.4,17.5,36.4,14.8,3.81,2099.5,2107.6,19.5,0.811583235579947,Extreme,Medium,Dry
414,111.7,3,122.4,0.445,0.499,11.4,1.962243520535032e-07,4.0,22.3,28.9,17.4,25.9,13.9,0.26,335.1,457.5,19.4,3.776230176061403,Extreme,High,Wet
415,29.2,3,150.7,0.478,0.429,7.4,1.709853488831893e-06,5.5,20.5,24.4,18.7,26.8,17.6,0.85,87.6,238.29999999999998,20.7,3.068234563830663,Light,High,Wet
416,64.1,11,169.7,0.364,0.52,13.8,6.711181860809294e-07,5.0,11.3,27.9,19.1,22.0,9.5,4.86,705.0999999999999,874.8,21.1,2.7748094310309392,Heavy,Medium,Wet
417,151.2,16,135.2,0.364,0.524,10.6,1.4233648702569003e-06,5.1,20.1,17.5,19.1,36.9,5.3,4.93,2419.2,2554.3999999999996,21.1,1.8215451835031609,Extreme,Medium,Wet
418,175.9,11,51.8,0.423,0.476,11.0,1.3006214092495873e-06,4.9,5.6,30.3,19.8,25.2,14.6,2.14,1934.9,1986.7,21.8,1.842853646871128,Extreme,Medium,Moderate
419,109.6,3,48.0,0.319,0.51,5.9,9.157611189602632e-06,2.2,23.4,33.9,17.4,34.5,12.7,0.95,328.79999999999995,376.79999999999995,19.4,2.934461771279097,Extreme,High,Dry
420,112.7,15,115.4,0.367,0.448,9.7,4.441424339648307e-06,6.1,14.6,17.8,18.9,27.5,18.8,0.81,1690.5,1805.9,20.9,2.1006931707477694,Extreme,Medium,Moderate
421,78.3,17,120.6,0.45,0.419,7.4,4.559925242855613e-06,3.3,19.0,16.6,18.7,32.7,18.7,3.23,1331.1,1451.6999999999998,20.7,2.0470079196696536,Heavy,Medium,Wet
422,189.3,9,185.4,0.336,0.426,9.1,4.973556086798427e-06,8.1,9.1,18.7,20.3,22.7,14.3,4.44,1703.7,1889.1000000000001,22.3,1.8808035980851723,Extreme,Medium,Wet
423,179.7,10,109.0,0.384,0.402,12.2,2.798616803136436e-06,6.3,27.5,34.8,20.7,38.9,11.2,1.0,1797.0,1906.0,22.7,2.507776472156683,Extreme,High,Moderate
424,59.9,2,249.7,0.325,0.506,8.2,6.43413528713981e-06,10.0,12.4,18.4,18.0,32.6,13.5,4.94,119.8,369.5,20.0,1.5973447929991746,Moderate,Medium,Wet
425,155.1,16,6.2,0.412,0.496,11.3,3.625843756851967e-07,9.9,2.9,33.5,18.2,29.1,16.5,0.31,2481.6,2487.7999999999997,20.2,1.4754523096966963,Extreme,Medium,Dry
426,84.7,6,192.8,0.477,0.437,12.8,4.675367902867165e-06,4.4,12.0,19.7,19.3,20.6,9.9,4.29,508.20000000000005,701.0,21.3,2.606751559395346,Heavy,Medium,Wet
427,20.0,12,55.6,0.418,0.486,6.3,1.5647961736792103e-06,2.5,2.2,17.4,17.7,33.3,13.0,3.31,240.0,295.6,19.7,0.6662961881391726,Light,Low,Moderate
428,114.4,17,175.7,0.446,0.481,5.4,1.7271562200147483e-06,5.6,12.8,25.5,19.3,38.8,11.7,3.22,1944.8000000000002,2120.5,21.3,1.4181078289836706,Extreme,Medium,Wet
429,182.9,12,228.7,0.478,0.436,8.7,1.272199002239051e-06,5.7,9.3,21.6,20.1,25.8,5.8,4.42,2194.8,2423.5,22.1,1.7761295579586598,Extreme,Medium,Wet
430,31.4,6,197.1,0.388,0.538,7.6,8.870731817379695e-06,5.3,8.2,28.1,20.1,27.1,15.2,4.16,188.39999999999998,385.5,22.1,1.8406544556925646,Moderate,Medium,Wet
431,192.4,18,103.9,0.407,0.521,14.6,1.234221926359372e-07,8.2,11.2,24.6,18.0,31.9,6.2,3.9,3463.2000000000003,3567.1000000000004,20.0,1.7351856891427349,Extreme,Medium,Moderate
432,32.8,20,47.0,0.455,0.438,8.3,3.5171162450432433e-06,8.8,22.5,20.9,20.9,39.7,6.2,3.37,656.0,703.0,22.9,1.756672840900742,Moderate,High,Dry
433,68.4,17,209.8,0.353,0.543,5.5,1.3928018766558642e-06,6.2,6.8,32.3,19.0,30.2,12.1,1.55,1162.8000000000002,1372.6000000000001,21.0,1.7011079934619386,Heavy,Medium,Wet
434,48.3,18,2.3,0.412,0.538,13.7,3.15387731756109e-07,1.6,15.8,25.5,18.2,28.7,10.8,4.72,869.4,871.6999999999999,20.2,2.4568889333651014,Moderate,High,Dry
435,186.1,20,24.0,0.424,0.464,7.9,7.140180381719476e-06,3.1,28.4,30.5,20.9,33.2,12.7,2.0,3722.0,3746.0,22.9,2.9766981554914484,Extreme,High,Dry
436,165.8,12,241.7,0.493,0.544,13.7,2.310679383612039e-07,3.0,2.5,29.2,20.0,30.9,16.4,1.08,1989.6000000000001,2231.3,22.0,1.1426820678633287,Extreme,Medium,Wet
437,21.2,2,19.0,0.383,0.444,11.1,4.127248788882737e-07,5.2,14.4,25.4,19.7,38.2,12.8,0.43,42.4,61.4,21.7,1.5322976856669954,Light,Medium,Dry
438,41.6,9,17.0,0.407,0.531,11.5,1.1369326766052487e-06,5.9,3.2,34.3,17.3,32.9,19.9,1.74,374.40000000000003,391.40000000000003,19.3,1.340370938234859,Moderate,Medium,Dry
439,191.4,2,63.8,0.492,0.489,7.9,6.127273661378025e-06,9.3,2.4,22.4,18.7,30.1,5.5,1.86,382.8,446.6,20.7,0.9324329973653007,Extreme,Low,Moderate
440,158.3,16,234.0,0.321,0.53,6.5,3.967949876029159e-06,9.3,9.0,18.3,18.2,23.7,12.6,1.73,2532.8,2766.8,20.2,1.8799124587038374,Extreme,Medium,Wet
441,153.4,13,129.8,0.487,0.505,9.2,3.115947071598035e-06,5.6,13.5,28.3,19.9,24.8,15.9,1.15,1994.2,2124.0,21.9,2.633475433327009,Extreme,High,Wet
442,54.3,14,4.6,0.351,0.406,14.4,3.6631369141747146e-07,3.5,22.6,23.0,20.4,34.0,16.3,2.59,760.1999999999999,764.8,22.4,2.271754789157799,Moderate,High,Dry
443,164.4,11,105.6,0.452,0.506,11.7,1.9223099744302866e-06,2.6,0.1,32.2,19.7,39.4,10.8,2.74,1808.4,1914.0,21.7,0.7728300388340911,Extreme,Medium,Moderate
444,91.5,5,77.4,0.303,0.468,13.0,1.3673334347358996e-06,5.9,8.8,22.8,18.1,22.5,6.0,3.68,457.5,534.9,20.1,2.188603224863767,Heavy,Medium,Moderate
445,96.1,18,113.4,0.419,0.463,7.7,6.393516675184808e-07,4.3,15.0,31.0,20.5,26.4,7.3,4.98,1729.8,1843.2,22.5,2.6844407000620176,Heavy,High,Moderate
446,144.2,18,174.1,0.434,0.513,9.8,9.512989312234023e-07,7.1,1.3,22.5,19.4,20.9,13.3,2.98,2595.6,2769.7,21.4,1.260200749301387,Extreme,Low,Wet
447,138.0,1,164.5,0.458,0.467,7.7,1.1712970293740383e-07,2.4,9.7,33.6,18.6,37.7,11.7,3.84,138.0,302.5,20.6,1.534380204189806,Extreme,High,Wet
448,56.6,10,184.6,0.304,0.411,9.3,4.722661906292937e-07,3.7,14.5,34.7,20.9,32.4,14.6,1.85,566.0,750.6,22.9,2.1843217465396036,Moderate,High,Wet
449,168.2,11,203.0,0.445,0.502,5.0,2.2335738241216314e-06,7.3,15.9,31.5,19.3,23.9,12.0,2.33,1850.1999999999998,2053.2,21.3,3.241951110800919,Extreme,High,Wet
450,20.4,5,161.8,0.378,0.527,11.7,3.5024245774005434e-07,1.6,28.3,32.8,20.9,20.2,14.5,2.01,102.0,263.8,22.9,5.431826475774426,Light,High,Wet
451,150.9,5,212.7,0.356,0.489,12.3,1.5039299524658434e-07,1.9,19.5,34.1,19.5,34.7,8.8,3.62,754.5,967.2,21.5,2.4219690801196987,Extreme,High,Wet
452,132.9,20,198.2,0.393,0.522,12.5,1.1352104908437011e-07,1.1,24.8,19.6,18.6,37.0,12.0,3.54,2658.0,2856.2,20.6,2.2419325008394946,Extreme,High,Wet
453,94.6,13,168.8,0.314,0.418,10.2,2.971768019419861e-06,2.2,20.9,25.1,19.1,23.6,15.4,3.28,1229.8,1398.6,21.1,3.576821907054814,Heavy,High,Wet
454,165.1,6,27.4,0.318,0.462,5.1,3.85496647699011e-06,3.0,22.7,30.4,20.6,31.4,11.9,0.3,990.5999999999999,1017.9999999999999,22.6,2.7664335695513853,Extreme,High,Dry
455,83.2,10,192.2,0.499,0.519,6.3,1.2529097673245456e-07,8.9,22.6,15.9,20.5,25.8,5.6,1.83,832.0,1024.2,22.5,2.8697606816852184,Heavy,Medium,Wet
456,10.4,2,29.5,0.41,0.42,10.9,3.68821006197986e-06,6.9,14.7,17.3,20.8,23.1,19.7,4.35,20.8,50.3,22.8,2.3871273147686485,Light,Medium,Dry
457,197.3,7,243.4,0.336,0.52,10.0,5.747161377985229e-07,4.1,26.3,17.8,17.1,20.9,9.8,1.98,1381.1000000000001,1624.5000000000002,19.1,4.8684402963735005,Extreme,High,Wet
458,52.7,3,26.9,0.378,0.507,6.7,7.034306267835401e-06,3.8,19.4,20.8,19.6,29.2,5.2,4.54,158.10000000000002,185.00000000000003,21.6,2.4507185165701695,Moderate,High,Dry
459,196.4,16,106.2,0.423,0.504,6.7,7.1860110867529565e-06,1.0,0.8,28.3,19.6,26.5,11.6,3.8,3142.4,3248.6,21.6,1.1618175252680853,Extreme,Medium,Moderate
460,74.2,9,162.8,0.396,0.535,9.8,6.188190006965894e-06,5.9,27.2,16.1,19.6,21.1,18.3,1.57,667.8000000000001,830.6000000000001,21.6,4.344466933079315,Heavy,High,Wet
461,32.2,5,127.6,0.372,0.408,12.5,1.2168571938455235e-06,2.7,28.4,34.2,19.0,20.3,6.6,0.68,161.0,288.6,21.0,5.87799436839213,Moderate,High,Wet
462,10.1,5,110.3,0.302,0.534,12.1,1.9368684593533052e-07,4.6,16.6,16.3,17.8,36.9,16.7,4.58,50.5,160.8,19.8,1.6315531203650704,Light,Medium,Moderate
463,67.0,17,214.3,0.425,0.536,13.3,6.722640531752516e-06,9.0,12.7,17.2,20.0,35.7,5.8,2.58,1139.0,1353.3,22.0,1.3144827968541577,Heavy,Medium,Wet
464,115.3,21,21.5,0.468,0.401,10.5,2.7034468010321204e-06,4.4,24.6,23.6,17.6,32.5,17.8,1.11,2421.2999999999997,2442.7999999999997,19.6,2.8797711071037906,Extreme,High,Dry
465,122.3,2,130.3,0.314,0.51,13.4,4.849343637201129e-07,9.2,25.2,31.8,20.6,38.2,8.7,2.87,244.6,374.9,22.6,2.3424510868871518,Extreme,High,Wet
466,103.9,14,76.9,0.476,0.47,9.9,1.6035164058906408e-07,2.8,0.5,16.0,19.1,28.8,5.1,1.01,1454.6000000000001,1531.5000000000002,21.1,0.5692055446586495,Extreme,Low,Moderate
467,154.3,15,199.8,0.448,0.444,6.2,1.302877936476457e-07,9.6,17.8,33.8,18.4,21.8,9.4,3.46,2314.5,2514.3,20.4,4.092374338895407,Extreme,High,Wet
468,76.7,16,56.1,0.382,0.543,11.9,1.3395676788810538e-07,1.7,10.9,23.5,18.3,26.6,11.0,0.04,1227.2,1283.3,20.3,2.0577427090797085,Heavy,Medium,Moderate
469,133.9,7,174.9,0.471,0.517,13.5,6.434254679046005e-07,1.2,28.6,15.8,18.6,21.5,5.0,0.95,937.3000000000001,1112.2,20.6,4.621877300886818,Extreme,High,Wet
470,105.5,9,157.7,0.324,0.455,8.2,2.076917550060232e-06,2.0,21.6,34.5,17.3,39.9,15.1,2.89,949.5,1107.2,19.3,2.3152337260213955,Extreme,High,Wet
471,29.8,15,226.6,0.435,0.402,8.1,2.0892288775658832e-07,4.4,7.6,24.5,19.4,34.2,12.3,1.31,447.0,673.6,21.4,1.247027233645232,Light,Medium,Wet
472,166.6,9,7.9,0.479,0.409,8.1,2.581845795229652e-07,5.0,19.5,23.7,17.1,37.2,7.5,2.56,1499.3999999999999,1507.3,19.1,2.080677507124039,Extreme,High,Dry
473,120.2,15,119.1,0.498,0.471,14.3,4.786949173710576e-06,1.2,8.6,33.1,20.8,38.6,13.6,0.08,1803.0,1922.1,22.8,1.3345450753203774,Extreme,High,Moderate
474,163.1,8,65.5,0.426,0.457,9.5,9.27243167700532e-06,9.5,12.6,31.0,19.9,21.0,5.4,3.35,1304.8,1370.3,21.9,3.2147488056791675,Extreme,High,Moderate
475,95.1,10,86.6,0.379,0.535,5.5,7.433196682173752e-07,2.6,8.1,16.2,17.4,20.6,10.3,2.65,951.0,1037.6,19.4,2.0114227257773627,Heavy,Low,Moderate
476,47.4,17,0.2,0.436,0.528,12.0,5.219163250341469e-07,6.2,1.3,28.5,18.7,39.6,16.4,0.75,805.8,806.0,20.7,0.740354389143464,Moderate,Medium,Dry
477,114.0,17,36.6,0.437,0.451,6.8,1.684728670207658e-06,8.1,4.3,20.5,17.8,39.9,7.4,4.46,1938.0,1974.6,19.8,0.7360791662196878,Extreme,Low,Dry
478,68.1,17,96.7,0.315,0.492,12.8,1.210902667556207e-07,4.7,3.8,34.0,20.2,33.9,16.7,0.78,1157.6999999999998,1254.3999999999999,22.2,1.2837248929164033,Heavy,Medium,Moderate
479,72.4,18,74.8,0.392,0.518,8.8,6.747033104448108e-06,8.3,29.7,21.4,18.5,24.4,10.5,0.41,1303.2,1378.0,20.5,4.403025880206591,Heavy,High,Moderate
480,122.0,19,185.7,0.438,0.487,6.8,1.0733823512335187e-06,3.5,25.9,27.5,17.8,39.9,8.9,0.55,2318.0,2503.7,19.8,2.362818872802266,Extreme,High,Wet
481,127.7,17,173.8,0.419,0.483,6.0,9.033617823661685e-07,9.2,6.9,24.7,20.3,35.1,14.4,1.06,2170.9,2344.7000000000003,22.3,1.1380715590926875,Extreme,Medium,Wet
482,59.0,3,156.0,0.395,0.438,8.4,3.677949152424633e-07,4.2,12.5,29.7,19.5,22.0,19.3,3.84,177.0,333.0,21.5,2.9983587530607356,Moderate,High,Wet
483,173.2,7,96.5,0.422,0.461,10.1,3.1206614322721135e-07,8.8,19.6,23.8,19.9,28.3,10.8,1.92,1212.3999999999999,1308.8999999999999,21.9,2.648327010091284,Extreme,High,Moderate
484,50.7,15,20.3,0.417,0.411,13.6,3.603470790442923e-06,3.2,25.5,23.6,18.3,26.2,5.1,4.18,760.5,780.8,20.3,3.719725545355088,Moderate,High,Dry
485,12.1,20,182.8,0.474,0.526,12.7,6.159310626645933e-07,7.3,21.1,24.3,17.5,34.0,6.3,0.16,242.0,424.8,19.5,2.456946884168726,Light,High,Wet
486,26.6,3,35.6,0.469,0.448,14.6,9.838054586315716e-07,5.7,0.6,16.2,18.8,29.1,12.1,2.32,79.80000000000001,115.4,20.8,0.579313486829817,Light,Low,Dry
487,94.0,18,180.7,0.452,0.407,14.7,9.802305982374494e-06,5.0,8.0,29.8,20.8,32.1,11.9,2.36,1692.0,1872.7,22.8,1.526100094450406,Heavy,Medium,Wet
488,190.5,4,68.2,0.415,0.506,8.7,4.033689970892425e-06,9.4,9.3,15.2,18.4,31.7,16.2,1.05,762.0,830.2,20.4,1.2582787083850555,Extreme,Low,Moderate
489,66.1,10,229.8,0.454,0.545,8.6,1.367938209758277e-07,7.8,16.8,19.6,21.0,26.6,19.1,2.63,661.0,890.8,23.0,2.308646366712259,Heavy,Medium,Wet
490,54.0,6,144.4,0.461,0.446,9.7,9.144565690852004e-07,3.1,24.8,17.4,17.0,25.7,12.5,1.97,324.0,468.4,19.0,3.682369028898969,Moderate,High,Wet
491,156.6,4,24.5,0.371,0.417,12.7,4.226000767789558e-06,5.4,9.9,33.0,18.7,35.8,19.5,3.06,626.4,650.9,20.7,1.6344733494445864,Extreme,High,Dry
492,67.7,12,107.5,0.45,0.429,11.5,3.5624471898549654e-06,6.4,6.5,15.2,20.9,22.9,18.3,4.54,812.4000000000001,919.9000000000001,22.9,1.3794411880236015,Heavy,Low,Moderate
493,144.7,17,235.7,0.315,0.446,8.0,1.3911767864093775e-07,7.6,8.7,34.2,18.6,36.3,8.9,0.09,2459.8999999999996,2695.5999999999995,20.6,1.5619158200346484,Extreme,High,Wet
494,128.7,5,85.3,0.488,0.497,11.2,1.4998597110519848e-06,8.4,5.8,24.4,18.3,20.1,17.9,2.86,643.5,728.8,20.3,2.105654188222851,Extreme,Medium,Moderate
495,47.9,5,88.4,0.413,0.514,7.0,1.933390151406864e-06,8.5,14.9,18.7,20.3,32.3,5.0,3.42,239.5,327.9,22.3,1.6964821149211562,Moderate,Medium,Moderate
496,167.6,13,130.7,0.358,0.411,7.6,3.2537022812407915e-06,6.9,7.7,18.2,19.8,37.3,9.7,1.43,2178.7999999999997,2309.4999999999995,21.8,0.9420793713771434,Extreme,Medium,Wet
497,129.6,9,151.6,0.337,0.475,13.2,1.984350700773651e-06,8.5,29.9,17.0,20.0,29.4,15.7,0.53,1166.3999999999999,1317.9999999999998,22.0,3.195782122751055,Extreme,High,Wet
498,174.0,1,216.8,0.417,0.471,7.3,1.223535028973921e-07,1.6,11.7,28.3,18.2,22.7,7.8,1.43,174.0,390.8,20.2,2.82399253396585,Extreme,Medium,Wet
499,38.0,19,108.2,0.386,0.521,12.0,7.462010481383021e-07,5.8,23.8,25.2,20.7,31.7,12.9,4.65,722.0,830.2,22.7,2.6235260860376592,Moderate,High,Moderate
500,198.6,3,141.0,0.335,0.427,9.3,4.746485725340552e-06,4.5,27.0,26.3,17.3,24.5,12.1,1.69,595.8,736.8,19.3,4.509120113451833,Extreme,High,Wet
